id,name,alternate_names,description,address,city,state,zip,county,latitude,longitude,phones,email,url,facebook,needs,service_types,populations,eligibility,cost,hours,languages,what_to_bring,referral_required,intake_hours,map_url,status,intake_process,capacity,waitlist,accepts_insurance,verification_status,last_verified,verified_by,confidence,source_urls,first_seen,tags,notes,related
harlan-4th-dimension-treatment-center,4th Dimension Treatment Center,,"Residential treatment, individual/group/family therapy, adventure therapy, 12-step, case management, peer support.","Harlan, KY",,KY,,Harlan,,,606-621-5007|606-273-2134,,https://4thdimentiontreatment.com,,mental-health|addiction|documents|family|community,residential|outpatient|peer-led,families|men,,unknown,,English,,,,"https://www.google.com/maps/search/?api=1&query=Harlan,+KY",active,,,,,auto-inferred,2026-09-20,initial-import,medium,https://is5810.com/main/resources/,2026-09-20,,,
988-suicide-hotline-crisis-lifeline,988 Suicide Hotline & Crisis Lifeline,,call or text 988 or chat,Statewide,,KY,,Statewide,,,,,https://988lifeline.org,,crisis|documents,hotline,anyone,,unknown,,English,,,,,active,,,,,auto-inferred,2026-09-20,initial-import,medium,https://is5810.com/main/resources/,2026-09-20,,,
adoption-hotline,Adoption Hotline,,hotline,Statewide,,KY,,Statewide,,,800-432-9346,,,,crisis,hotline,anyone,,unknown,,English,,,,,active,,,,,auto-inferred,2026-09-20,initial-import,medium,https://is5810.com/main/resources/,2026-09-20,,,
adult-abuse-hotline,Adult Abuse Hotline,,hotline,Statewide,,KY,,Statewide,,,800-752-6200,,,,crisis|transportation,hotline,anyone,,unknown,,English,,,,,active,,,,,auto-inferred,2026-09-20,initial-import,medium,https://is5810.com/main/resources/,2026-09-20,,,
adult-and-child-health-hotline,Adult and Child Health Hotline,,haline,Statewide,,KY,,Statewide,,,800-462-6122,,,,health|crisis|family,hotline,youth,,unknown,,English,,,,,active,,,,,auto-inferred,2026-09-20,initial-import,medium,https://is5810.com/main/resources/,2026-09-20,,,
alcoholaddiction-rehab-program,Alcohol/Addiction Rehab Program,,,Statewide,,KY,,Statewide,,,,,https://faith-based rehab program,,addiction,walk-in,substance-use,,unknown,,English,,,,,active,,,,,auto-inferred,2026-09-20,initial-import,medium,https://is5810.com/main/resources/,2026-09-20,,,
alcoholdrug-hotline,Alcohol/Drug Hotline,,hotline,Statewide,,KY,,Statewide,,,800-729-6686,,,,addiction|crisis,hotline,substance-use,,unknown,,English,,,,,active,,,,,auto-inferred,2026-09-20,initial-import,medium,https://is5810.com/main/resources/,2026-09-20,,,
alcoholics-anonymous,Alcoholics Anonymous,,12-step recovery support,Statewide,,KY,,Statewide,,,800-467-8091,,,,addiction,walk-in,substance-use,,unknown,,English,,,,,active,,,,,auto-inferred,2026-09-20,initial-import,medium,https://is5810.com/main/resources/,2026-09-20,,,
whitley-anchored-ministries,Anchored Ministries,,Free if no insurance.,"Williamsburg, KY",,KY,,Whitley,,,606-765-7336,,,,community,walk-in,anyone,,free,,English,,,,"https://www.google.com/maps/search/?api=1&query=Williamsburg,+KY",active,,,,,auto-inferred,2026-09-20,initial-import,medium,https://is5810.com/main/resources/,2026-09-20,,,
knox-appalachian-phoenix-house,Appalachian Phoenix House,,17-bed residential program for mentally ill men and women.,"401 Roy Kidd Ave, Corbin, KY 40701",Corbin,KY,40701,Whitley,,,606-528-4381,,,,documents,residential|online,women|men,,unknown,,English,,,,"https://www.google.com/maps/search/?api=1&query=401+Roy+Kidd+Ave,+Corbin,+KY+40701",active,,,,,auto-inferred,2026-09-20,initial-import,medium,https://is5810.com/main/resources/,2026-09-20,,,
appalachian-research-defense-fund-of-ky,Appalachian Research & Defense Fund of KY,,,Statewide,,KY,,Statewide,,,866-277-5733,,https://Free legal assistance based on eligibility,,community,online,anyone,,unknown,,English,,,,,active,,,,,auto-inferred,2026-09-20,initial-import,medium,https://is5810.com/main/resources/,2026-09-20,,,
knox-apprisen,Apprisen,,"HUD-approved counseling, mortgage delinquency, foreclosure prevention.","2265 Harrodsburg Rd, Lexington, KY 40504",Lexington,KY,40504,Knox,,,800-355-2227,,https://apprisen.com,,mental-health,outpatient|online,anyone,,unknown,,English,,,,"https://www.google.com/maps/search/?api=1&query=2265+Harrodsburg+Rd,+Lexington,+KY+40504",active,,,,,auto-inferred,2026-09-20,initial-import,medium,https://is5810.com/main/resources/,2026-09-20,,,
arc-addiction-recovery-care,ARC - Addiction Recovery Care,,"Residential Treatment, Outpatient Treatment, ARC Anywhere, Bellefonte Hospital & Recovery Care, Karen's Place Maternity Center",Statewide,,KY,,Lawrence,,,888-351-1761|833-647-0674|606-638-0938,,https://arccenters.com,,health|addiction|documents|family,residential|outpatient,families|women|men|substance-use,,unknown,,English,,,,,active,,,,,auto-inferred,2026-09-20,initial-import,medium,https://is5810.com/main/resources/,2026-09-20,,,
whitley-baptist-health-trillium-center,Baptist Health Trillium Center,,Detox services.,"1 Trillium Way #5, Corbin, KY 40701",Corbin,KY,40701,Whitley,,,606-528-1212,,https://baptisthealth.com,,health|addiction,faith-based,anyone,,unknown,,English,,,,"https://www.google.com/maps/search/?api=1&query=1+Trillium+Way+#5,+Corbin,+KY+40701",active,,,,,auto-inferred,2026-09-20,initial-import,medium,https://is5810.com/main/resources/,2026-09-20,,,
battered-women-justice-project,Battered Women Justice Project,,Domestic violence hotline,Statewide,,KY,,Statewide,,,800-903-0111,,,,crisis|legal,hotline,women|men|re-entry,,unknown,,English,,,,,active,,,,,auto-inferred,2026-09-20,initial-import,medium,https://is5810.com/main/resources/,2026-09-20,,,
clark-beacon-of-hope,Beacon of Hope,,Emergency shelter with random drug testing.,"Winchester, KY",,KY,,Clark,,,859-644-5171,,,,shelter|addiction|crisis,residential,substance-use,,unknown,,English,,,,"https://www.google.com/maps/search/?api=1&query=Winchester,+KY",active,,,,,auto-inferred,2026-09-20,initial-import,medium,https://is5810.com/main/resources/,2026-09-20,,,
whitley-bell-whitley-community-action-agency,Bell-Whitley Community Action Agency,,"Food, shelter, natural disaster emergency funds.","U.S. Hwy 25W, Williamsburg, KY 40769",Williamsburg,KY,40769,Whitley,,,606-549-3933,,,,food|shelter|crisis|community,residential,anyone,,unknown,,English,,,,"https://www.google.com/maps/search/?api=1&query=U.S.+Hwy+25W,+Williamsburg,+KY+40769",active,,,,,auto-inferred,2026-09-20,initial-import,medium,https://is5810.com/main/resources/,2026-09-20,,,
pulaski-bethany-house-abuse-shelter,Bethany House Abuse Shelter,,Abuse shelter.,"Somerset, KY",,KY,,Pulaski,,,800-755-2017,,,,shelter|crisis|transportation,residential,anyone,,unknown,,English,,,,"https://www.google.com/maps/search/?api=1&query=Somerset,+KY",active,,,,,auto-inferred,2026-09-20,initial-import,medium,https://is5810.com/main/resources/,2026-09-20,,,
fayette-bg-recovery,BG Recovery,,"Recovery education, IOP/OP, peer support, transportation, housing assistance.","711 E Loudon Ave, Lexington, KY 40505",Lexington,KY,40505,Fayette,,,859-333-4128|214-566-1078,,https://bgrecovery.org,,housing|addiction|transportation|education|community,residential|outpatient|peer-led,anyone,,unknown,,English,,,,"https://www.google.com/maps/search/?api=1&query=711+E+Loudon+Ave,+Lexington,+KY+40505",active,,,,,auto-inferred,2026-09-20,initial-import,medium,https://is5810.com/main/resources/,2026-09-20,,,
taylor-blessings-of-hope,Blessings of Hope,,Food procurement.,"315 Bradfordsville Rd, Campbellsville, KY 42718",Campbellsville,KY,42718,Taylor,,,717-824-1227,,https://blessingsofhope.com,,food,walk-in,men,,unknown,,English,,,,"https://www.google.com/maps/search/?api=1&query=315+Bradfordsville+Rd,+Campbellsville,+KY+42718",active,,,,,auto-inferred,2026-09-20,initial-import,medium,https://is5810.com/main/resources/,2026-09-20,,,
bluegrass-first-steps,Bluegrass First Steps,,Maternal/child health,Statewide,,KY,,Statewide,,,800-454-2764,,,,health|addiction|family,walk-in,youth,,unknown,,English,,,,,active,,,,,auto-inferred,2026-09-20,initial-import,medium,https://is5810.com/main/resources/,2026-09-20,,,
cabinet-for-health-and-family-services,Cabinet for Health and Family Services,,Food Stamps/Medical Card,Statewide,,KY,,Statewide,,,855-306-8959,,,,food|health|family,walk-in,families,,unknown,,English,,,,,active,,,,,auto-inferred,2026-09-20,initial-import,medium,https://is5810.com/main/resources/,2026-09-20,,,
cancer-information-services,Cancer Information Services,,Cancer support hotline,Statewide,,KY,,Statewide,,,800-422-6237,,,,addiction|crisis,hotline,anyone,,unknown,,English,,,,,active,,,,,auto-inferred,2026-09-20,initial-import,medium,https://is5810.com/main/resources/,2026-09-20,,,
knox-casa-court-appointed-special-advocate,CASA - Court Appointed Special Advocate,,Child advocacy.,Statewide,,KY,,Knox,,,606-389-5968,,,,legal|family,online,youth,,unknown,,English,,,,,active,,,,,auto-inferred,2026-09-20,initial-import,medium,https://is5810.com/main/resources/,2026-09-20,,,
casa-court-appointed-special-advocate-for-children,CASA - Court Appointed Special Advocate for Children,,Child advocacy,Statewide,,KY,,Statewide,,,606-389-5968,,https://casaclayknoxlaurel.com,,legal|family,online,families|youth,,unknown,,English,,,,,active,,,,,auto-inferred,2026-09-20,initial-import,medium,https://is5810.com/main/resources/,2026-09-20,,,
whitley-catholic-church,Catholic Church,,Food assistance.,"76 W. Sycamore St, Williamsburg, KY",Williamsburg,KY,,Whitley,,,606-549-2156,,,,food,faith-based,anyone,,unknown,,English,,,,"https://www.google.com/maps/search/?api=1&query=76+W.+Sycamore+St,+Williamsburg,+KY",active,,,,,auto-inferred,2026-09-20,initial-import,medium,https://is5810.com/main/resources/,2026-09-20,,,
whitley-cedaridge-ministries,Cedaridge Ministries,,Food assistance.,"Factory Ln, Williamsburg, KY",Williamsburg,KY,,Whitley,,,606-549-1373,,,,food|documents,walk-in,anyone,,unknown,,English,,,,"https://www.google.com/maps/search/?api=1&query=Factory+Ln,+Williamsburg,+KY",active,,,,,auto-inferred,2026-09-20,initial-import,medium,https://is5810.com/main/resources/,2026-09-20,,,
clay-chads-hope-center,Chad's Hope Center,,,"300 Chad McWhorter Ln, Manchester, KY 40962",Manchester,KY,40962,Clay,,,606-599-9716,,,,community,walk-in,anyone,,unknown,,English,,,,"https://www.google.com/maps/search/?api=1&query=300+Chad+McWhorter+Ln,+Manchester,+KY+40962",active,,,,,auto-inferred,2026-09-20,initial-import,medium,https://is5810.com/main/resources/,2026-09-20,,,
child-care-assistance,Child Care Assistance,,Child care subsidy,Statewide,,KY,,Statewide,,,855-306-8959,,https://kynect.ky.gov,,documents|family,walk-in,youth,,unknown,,English,,,,,active,,,,,auto-inferred,2026-09-20,initial-import,medium,https://is5810.com/main/resources/,2026-09-20,,,
child-protection-hotline,Child Protection Hotline,,Report child abuse,Statewide,,KY,,Statewide,,,877-597-2331,,,,crisis|family|transportation,hotline,youth,,unknown,,English,,,,,active,,,,,auto-inferred,2026-09-20,initial-import,medium,https://is5810.com/main/resources/,2026-09-20,,,
child-support-information,Child Support Information,,Child support enforcement,Statewide,,KY,,Statewide,,,800-248-1163,,,,addiction|family,walk-in,men|youth,,unknown,,English,,,,,active,,,,,auto-inferred,2026-09-20,initial-import,medium,https://is5810.com/main/resources/,2026-09-20,,,
child-support-voice-response,Child Support Voice Response,,Child support information,Statewide,,KY,,Statewide,,,800-443-1576,,,,addiction|family,walk-in,youth,,unknown,,English,,,,,active,,,,,auto-inferred,2026-09-20,initial-import,medium,https://is5810.com/main/resources/,2026-09-20,,,
jefferson-choose-hope-llc,Choose Hope LLC,,"Mental health/addiction treatment, therapeutic groups, alumni program, relapse prevention.","620 S. 3rd St Suite 101, Louisville, KY 40202",Louisville,KY,40202,Jefferson,,,502-631-5291,,https://choosehopellc.org,,health|mental-health|addiction,walk-in,men|substance-use,,unknown,,English,,,,"https://www.google.com/maps/search/?api=1&query=620+S.+3rd+St+Suite+101,+Louisville,+KY+40202",active,,,,,auto-inferred,2026-09-20,initial-import,medium,https://is5810.com/main/resources/,2026-09-20,,,
clay-christian-appalachian-project,Christian Appalachian Project,,,"Outreach RR4, Mt. Vernon, KY 40456",Mt. Vernon,KY,40456,Clay,,,606-256-4810,,,,community,online|faith-based,anyone,,unknown,,English,,,,"https://www.google.com/maps/search/?api=1&query=Outreach+RR4,+Mt.+Vernon,+KY+40456",active,,,,,auto-inferred,2026-09-20,initial-import,medium,https://is5810.com/main/resources/,2026-09-20,,,
knox-christian-life-fellowship,Christian Life Fellowship,,Food assistance.,"165 Black St, Barbourville, KY 40906",Barbourville,KY,40906,Knox,,,606-546-9415,,,,food,faith-based,anyone,,unknown,,English,,,,"https://www.google.com/maps/search/?api=1&query=165+Black+St,+Barbourville,+KY+40906",active,,,,,auto-inferred,2026-09-20,initial-import,medium,https://is5810.com/main/resources/,2026-09-20,,,
knox-church-of-the-nazarene-basket-ministry,Church of the Nazarene Basket Ministry,,,"409 Master St, Corbin, KY 40701",Corbin,KY,40701,Knox,,,606-528-5935,,,,community,faith-based,anyone,,unknown,,English,,,,"https://www.google.com/maps/search/?api=1&query=409+Master+St,+Corbin,+KY+40701",active,,,,,auto-inferred,2026-09-20,initial-import,medium,https://is5810.com/main/resources/,2026-09-20,,,
jessamine-clearview-behavioral-health,Clearview Behavioral Health,,Behavioral health services. Intake: clearviewbehavioralhealth@gmail.com,"1001 Park Central Ave, Nicholasville, KY 40356",Nicholasville,KY,40356,Jessamine,,,859-241-1096,,,,health|mental-health,walk-in,anyone,,unknown,,English,,,,"https://www.google.com/maps/search/?api=1&query=1001+Park+Central+Ave,+Nicholasville,+KY+40356",active,,,,,auto-inferred,2026-09-20,initial-import,medium,https://is5810.com/main/resources/,2026-09-20,,,
combat-vets-association,Combat Vets Association,,Veterans support,Statewide,,KY,,Statewide,,,931-206-4043,,,,veterans,walk-in,veterans,,unknown,,English,,,,,active,,,,,auto-inferred,2026-09-20,initial-import,medium,https://is5810.com/main/resources/,2026-09-20,,,
community-based-services,Community Based Services,,Social services,Statewide,,KY,,Statewide,,,800-635-2570,,,,community,walk-in,anyone,,unknown,,English,,,,,active,,,,,auto-inferred,2026-09-20,initial-import,medium,https://is5810.com/main/resources/,2026-09-20,,,
community-mental-health-centers,Community Mental Health Centers,,Mental health referrals,Statewide,,KY,,Statewide,,,800-928-8000,,,,health|mental-health|community,walk-in,men,,unknown,,English,,True,,,active,,,,,auto-inferred,2026-09-20,initial-import,medium,https://is5810.com/main/resources/,2026-09-20,,,
clay-community-outreach-center,Community Outreach Center,,,"1 Fayette Properties 1-C, Manchester, KY 40962",Manchester,KY,40962,Clay,,,606-598-5127,,,,community,mobile,anyone,,unknown,,English,,,,"https://www.google.com/maps/search/?api=1&query=1+Fayette+Properties+1-C,+Manchester,+KY+40962",active,,,,,auto-inferred,2026-09-20,initial-import,medium,https://is5810.com/main/resources/,2026-09-20,,,
consumer-product-safety-commission,Consumer Product Safety Commission,,Product safety,Statewide,,KY,,Statewide,,,800-638-2772,,,,community,walk-in,anyone,,unknown,,English,,,,,active,,,,,auto-inferred,2026-09-20,initial-import,medium,https://is5810.com/main/resources/,2026-09-20,,,
knox-corbin-presbyterian-church,Corbin Presbyterian Church,,Food assistance.,"601 Master Ct, Corbin, KY 40701",Corbin,KY,40701,Knox,,,606-528-1444,,,,food,faith-based,anyone,,unknown,,English,,,,"https://www.google.com/maps/search/?api=1&query=601+Master+Ct,+Corbin,+KY+40701",active,,,,,auto-inferred,2026-09-20,initial-import,medium,https://is5810.com/main/resources/,2026-09-20,,,
knox-corbin-united-effort,Corbin United Effort,,"Food pantry, meals, housing help, clothing, healthcare, system navigation.","311 Barbourville St, Corbin, KY 40701",Corbin,KY,40701,Whitley,,,606-528-7523,,,,food|housing|clothing|health,residential,anyone,,unknown,,English,,,,"https://www.google.com/maps/search/?api=1&query=311+Barbourville+St,+Corbin,+KY+40701",active,,,,,auto-inferred,2026-09-20,initial-import,medium,https://is5810.com/main/resources/,2026-09-20,,,
crisis-general,Crisis - General,,General crisis hotline,Statewide,,KY,,Statewide,,,800-592-3980,,,,crisis,hotline,anyone,,unknown,,English,,,,,active,,,,,auto-inferred,2026-09-20,initial-import,medium,https://is5810.com/main/resources/,2026-09-20,,,
crisis-for-parents-1-800-children,Crisis for Parents - 1-800-Children,,Parenting crisis support,Statewide,,KY,,Statewide,,,800-432-9251,,,,crisis|family,walk-in,families|youth,,unknown,,English,,,,,active,,,,,auto-inferred,2026-09-20,initial-import,medium,https://is5810.com/main/resources/,2026-09-20,,,
crisis-text-line,Crisis Text Line,,Text or call for crisis support,Statewide,,KY,,Statewide,,,,,,,crisis,hotline,anyone,,unknown,,English,,,,,active,,,,,auto-inferred,2026-09-20,initial-import,medium,https://is5810.com/main/resources/,2026-09-20,,,
washington-cumberland-mountain-healthcare,Cumberland Mountain Healthcare,,"Psychiatry, family care, AODE certified, weight loss, wellness memberships.","323 Main St, Williamsburg, KY 40769",Williamsburg,KY,40769,Washington,,,606-825-6011,,,,health|family,walk-in,families,,unknown,,English,,,,"https://www.google.com/maps/search/?api=1&query=323+Main+St,+Williamsburg,+KY+40769",active,,,,,auto-inferred,2026-09-20,initial-import,medium,https://is5810.com/main/resources/,2026-09-20,,,
cumberland-river-behavioral-health,Cumberland River Behavioral Health,,Inpatient and outpatient behavioral health services,"Barbourville, Corbin, Harlan, London, Pineville, Manchester, McKee, Middlesboro, Mt. Vernon, Williamsburg",Corbin,KY,,Clay,,,606-896-2466|606-837-0100|606-598-5172,,https://crbhky.org,,health|mental-health,outpatient,anyone,,unknown,,English,,,,"https://www.google.com/maps/search/?api=1&query=Barbourville,+Corbin,+Harlan,+London,+Pineville,+Manchester,+McKee,+Middlesboro,+Mt.+Vernon,+Williamsburg",active,,,,,auto-inferred,2026-09-20,initial-import,medium,https://is5810.com/main/resources/,2026-09-20,,,
knox-cumberland-river-behavioral-health-barbourville,Cumberland River Behavioral Health - Barbourville,,Behavioral health services.,"Barbourville, KY",,KY,,Knox,,,606-546-3104,,https://crbhky.org,,health|mental-health,walk-in,anyone,,unknown,,English,,,,"https://www.google.com/maps/search/?api=1&query=Barbourville,+KY",active,,,,,auto-inferred,2026-09-20,initial-import,medium,https://is5810.com/main/resources/,2026-09-20,,,
knox-cumberland-river-behavioral-health-corbin,Cumberland River Behavioral Health - Corbin,,Behavioral health services.,"Corbin, KY",,KY,,Whitley,,,606-526-9459,,https://crbhky.org,,health|mental-health,walk-in,anyone,,unknown,,English,,,,"https://www.google.com/maps/search/?api=1&query=Corbin,+KY",active,,,,,auto-inferred,2026-09-20,initial-import,medium,https://is5810.com/main/resources/,2026-09-20,,,
whitley-cumberland-river-behavioral-health-williamsburg,Cumberland River Behavioral Health - Williamsburg,,Behavioral health.,"Williamsburg, KY",,KY,,Whitley,,,606-549-1440,,https://crbhky.org,,health|mental-health,walk-in,anyone,,unknown,,English,,,,"https://www.google.com/maps/search/?api=1&query=Williamsburg,+KY",active,,,,,auto-inferred,2026-09-20,initial-import,medium,https://is5810.com/main/resources/,2026-09-20,,,
knox-cumberland-river-comprehensive-care-center,Cumberland River Comprehensive Care Center,,"Community mental health, substance abuse, developmental disabilities, supportive living, children's services, First Steps.","American Greeting Card Rd, Corbin, KY 40701",Corbin,KY,40701,Knox,,,606-528-7010,,https://crbhky.org,,health|mental-health|addiction|crisis|family|transportation|community,walk-in,families|men|youth|substance-use,,unknown,,English,,,,"https://www.google.com/maps/search/?api=1&query=American+Greeting+Card+Rd,+Corbin,+KY+40701",active,,,,,auto-inferred,2026-09-20,initial-import,medium,https://is5810.com/main/resources/,2026-09-20,,,
bell-cumberland-river-rhoar-center,Cumberland River RHOAR Center,,"Recovery, Hope, Opportunity and Resiliency. 100 women beds, 12 family reunification apartments, education & employment opportunities.","141 Tech Park Drive, Middlesboro, KY 40965",Middlesboro,KY,40965,Bell,,,606-248-4949,,https://crbhky.org,,shelter|housing|addiction|jobs|family|education,residential,families|women|men,,unknown,,English,,,,"https://www.google.com/maps/search/?api=1&query=141+Tech+Park+Drive,+Middlesboro,+KY+40965",active,,,,,auto-inferred,2026-09-20,initial-import,medium,https://is5810.com/main/resources/,2026-09-20,,,
cumberland-valley-aging-disability-resource,Cumberland Valley Aging & Disability Resource,,Senior and disability services,Statewide,,KY,,Clay,,,606-877-5763,,,,community,walk-in,seniors|disability,,unknown,,English,,,,,active,,,,,auto-inferred,2026-09-20,initial-import,medium,https://is5810.com/main/resources/,2026-09-20,,,
clay-cumberland-valley-child-advocacy-center,Cumberland Valley Child Advocacy Center,,Child advocacy services.,Statewide,,KY,,Clay,,,606-878-9116|1-877-597-2331,,https://cv-cac.org,,family,walk-in,youth,,unknown,,English,,,,,active,,,,,auto-inferred,2026-09-20,initial-import,medium,https://is5810.com/main/resources/,2026-09-20,,,
knox-cumberland-valley-dv-services,Cumberland Valley DV Services,,"20-bed emergency shelter for DV victims. Food, clothing, necessities.","P.O. Box 2162, London, KY 40456",London,KY,40456,Whitley,,,606-256-9511|800-755-5348|606-843-2022,,https://cvdvs.org,,food|shelter|clothing|crisis,residential,anyone,,unknown,,English,,,,"https://www.google.com/maps/search/?api=1&query=P.O.+Box+2162,+London,+KY+40456",active,,,,,auto-inferred,2026-09-20,initial-import,medium,https://is5810.com/main/resources/,2026-09-20,,,
whitley-cumberland-valley-regional-housing-authority,Cumberland Valley Regional Housing Authority,,,"221 N. 3rd St, Williamsburg, KY 40769",Williamsburg,KY,40769,Whitley,,,,,https://affordablehousing.com,,housing,residential,anyone,,unknown,,English,,,,"https://www.google.com/maps/search/?api=1&query=221+N.+3rd+St,+Williamsburg,+KY+40769",active,,,,,auto-inferred,2026-09-20,initial-import,medium,https://is5810.com/main/resources/,2026-09-20,,,
clay-daniel-boone-community-action-agency,Daniel Boone Community Action Agency,,CSBG Homeless Program.,"1535 Shamrock Rd, Manchester, KY 40962",Manchester,KY,40962,Clay,,,606-598-5127,,,,community,walk-in,anyone,,unknown,,English,,,,"https://www.google.com/maps/search/?api=1&query=1535+Shamrock+Rd,+Manchester,+KY+40962",active,,,,,auto-inferred,2026-09-20,initial-import,medium,https://is5810.com/main/resources/,2026-09-20,,,
dav-disabled-american-veterans,DAV - Disabled American Veterans,,,Statewide,,KY,,Statewide,,,,,https://Veterans with disabilities,,veterans,walk-in,veterans|disability,,unknown,,English,,,,,active,,,,,auto-inferred,2026-09-20,initial-import,medium,https://is5810.com/main/resources/,2026-09-20,,,
department-for-housing,Department for Housing,,Housing assistance,Statewide,,KY,,Statewide,,,800-669-9777,,,,housing,residential|government,men,,unknown,,English,,,,,active,,,,,auto-inferred,2026-09-20,initial-import,medium,https://is5810.com/main/resources/,2026-09-20,,,
department-for-medicaid-services,Department for Medicaid Services,,Medicaid enrollment,Statewide,,KY,,Statewide,,,800-635-2570,,,,health|documents,government,men,,insurance,,English,,,,,active,,,,,auto-inferred,2026-09-20,initial-import,medium,https://is5810.com/main/resources/,2026-09-20,,,
dept-of-health-and-human-services,Dept of Health and Human Services,,,Statewide,,KY,,Statewide,,,,,"https://Federal resources for homelessness, trafficking, refugees",,health,walk-in,men,,unknown,,English,,,,,active,,,,,auto-inferred,2026-09-20,initial-import,medium,https://is5810.com/main/resources/,2026-09-20,,,
clay-dismas-charities-manchester,Dismas Charities Manchester,,,"845 Muddy Gap Rd, Manchester, KY 40962",Manchester,KY,40962,Clay,,,606-598-5555,,,,community,walk-in,men,,unknown,,English,,,,"https://www.google.com/maps/search/?api=1&query=845+Muddy+Gap+Rd,+Manchester,+KY+40962",active,,,,,auto-inferred,2026-09-20,initial-import,medium,https://is5810.com/main/resources/,2026-09-20,,,
domestic-violence-prevention-board,Domestic Violence Prevention Board,,Domestic violence hotline,Statewide,,KY,,Statewide,,,800-258-3803,,,,crisis,hotline,anyone,,unknown,,English,,,,,active,,,,,auto-inferred,2026-09-20,initial-import,medium,https://is5810.com/main/resources/,2026-09-20,,,
madison-dry-dock,Dry Dock,,,"262 Four Mile Ave, Richmond, KY 40475",Richmond,KY,40475,Madison,,,859-575-7260,,,,community,walk-in,anyone,,unknown,,English,,,,"https://www.google.com/maps/search/?api=1&query=262+Four+Mile+Ave,+Richmond,+KY+40475",active,,,,,auto-inferred,2026-09-20,initial-import,medium,https://is5810.com/main/resources/,2026-09-20,,,
whitley-emergency-christian-ministries,Emergency Christian Ministries,,"75 beds. Men, women, children. Food, clothing, supportive services.","630 South Hwy 25, Williamsburg, KY 40769",Williamsburg,KY,40769,Whitley,,,606-549-2922|606-400-1464,,,,food|shelter|clothing|crisis|family,residential|faith-based,families|women|men|youth,,unknown,,English,,,,"https://www.google.com/maps/search/?api=1&query=630+South+Hwy+25,+Williamsburg,+KY+40769",active,,,,,auto-inferred,2026-09-20,initial-import,medium,https://is5810.com/main/resources/,2026-09-20,,,
knox-emergency-fund-services,Emergency Fund Services,,"Emergency assistance, food.","P.O. Box 8, Barbourville, KY 40906",Barbourville,KY,40906,Knox,,,606-546-3152,,,,food|crisis,walk-in,anyone,,unknown,,English,,,,"https://www.google.com/maps/search/?api=1&query=P.O.+Box+8,+Barbourville,+KY+40906",active,,,,,auto-inferred,2026-09-20,initial-import,medium,https://is5810.com/main/resources/,2026-09-20,,,
clay-emergency-shelter-cumberland-valley-dv-services,Emergency Shelter - Cumberland Valley DV Services,,"20-bed emergency shelter for DV victims and children. Food, clothing, basic necessities.",Statewide,,KY,,Clay,,,606-256-9511|800-755-5348,,https://cvdvs.org,,food|shelter|clothing|crisis|family,residential,families|youth,,unknown,,English,,,,,active,,,,,auto-inferred,2026-09-20,initial-import,medium,https://is5810.com/main/resources/,2026-09-20,,,
boone-ethan-health-addiction-treatment,Ethan Health Addiction Treatment,,Intensive Outpatient Program. 24/7 support available.,"6159 1st Financial Dr, Burlington, KY 41005",Burlington,KY,41005,Madison,,,859-625-5235,,https://ethanhealth.org,,health|addiction,outpatient,men|substance-use,,unknown,24/7,English,,,,"https://www.google.com/maps/search/?api=1&query=6159+1st+Financial+Dr,+Burlington,+KY+41005",active,,,,,auto-inferred,2026-09-20,initial-import,medium,https://is5810.com/main/resources/,2026-09-20,,,
knox-feeding-souls-for-jesus,Feeding Souls for Jesus,,Emergency food service.,"Parkway Ministries, Corbin, KY",Corbin,KY,,Whitley,,,606-521-2349,,https://facebook.com/feedingsoulsforjesus,,food|crisis,walk-in,anyone,,unknown,,English,,,,"https://www.google.com/maps/search/?api=1&query=Parkway+Ministries,+Corbin,+KY",active,,,,,auto-inferred,2026-09-20,initial-import,medium,https://is5810.com/main/resources/,2026-09-20,,,
find-help-now-ky,Find Help Now KY,,Help line for services,Statewide,,KY,,Statewide,,,,,,,community,walk-in,anyone,,unknown,,English,,,,,active,,,,,auto-inferred,2026-09-20,initial-import,medium,https://is5810.com/main/resources/,2026-09-20,,,
knox-first-baptist-church-barbourville,First Baptist Church Barbourville,,Food assistance.,"201 N. Main St, Barbourville, KY",Barbourville,KY,,Knox,,,606-546-3636,,,,food,faith-based,anyone,,unknown,,English,,,,"https://www.google.com/maps/search/?api=1&query=201+N.+Main+St,+Barbourville,+KY",active,,,,,auto-inferred,2026-09-20,initial-import,medium,https://is5810.com/main/resources/,2026-09-20,,,
whitley-first-baptist-church-corbin,First Baptist Church Corbin,,Food assistance.,"401 N. Laurel Ave, Corbin, KY 40701",Corbin,KY,40701,Whitley,,,606-528-4738,,,,food,faith-based,anyone,,unknown,,English,,,,"https://www.google.com/maps/search/?api=1&query=401+N.+Laurel+Ave,+Corbin,+KY+40701",active,,,,,auto-inferred,2026-09-20,initial-import,medium,https://is5810.com/main/resources/,2026-09-20,,,
whitley-first-baptist-church-williamsburg,First Baptist Church Williamsburg,,Food assistance.,"230 5th St, Williamsburg, KY",Williamsburg,KY,,Whitley,,,606-549-0280,,,,food,faith-based,anyone,,unknown,,English,,,,"https://www.google.com/maps/search/?api=1&query=230+5th+St,+Williamsburg,+KY",active,,,,,auto-inferred,2026-09-20,initial-import,medium,https://is5810.com/main/resources/,2026-09-20,,,
knox-first-united-methodist-church-barbourville,First United Methodist Church Barbourville,,Food assistance.,"312 N. Main St, Barbourville, KY",Barbourville,KY,,Knox,,,606-546-3695,,,,food,faith-based,anyone,,unknown,,English,,,,"https://www.google.com/maps/search/?api=1&query=312+N.+Main+St,+Barbourville,+KY",active,,,,,auto-inferred,2026-09-20,initial-import,medium,https://is5810.com/main/resources/,2026-09-20,,,
floyd-floyd-county-shelter,Floyd County Shelter,,Emergency shelter.,"Martin, KY",,KY,,Floyd,,,606-949-2018,,,,shelter|crisis,residential|government,anyone,,unknown,,English,,,,"https://www.google.com/maps/search/?api=1&query=Martin,+KY",active,,,,,auto-inferred,2026-09-20,initial-import,medium,https://is5810.com/main/resources/,2026-09-20,,,
food-and-drug-administration,Food and Drug Administration,,Medication and food safety,Statewide,,KY,,Statewide,,,800-332-4010,,,,food|addiction,walk-in,substance-use,,unknown,,English,,,,,active,,,,,auto-inferred,2026-09-20,initial-import,medium,https://is5810.com/main/resources/,2026-09-20,,,
food-for-the-poor,Food for the Poor,,,Statewide,,KY,,Statewide,,,,,https://Food assistance organization,,food,walk-in,anyone,,unknown,,English,,,,,active,,,,,auto-inferred,2026-09-20,initial-import,medium,https://is5810.com/main/resources/,2026-09-20,,,
food-stamp-case-changes-reporting,Food Stamp Case Changes Reporting,,SNAP reporting,Statewide,,KY,,Statewide,,,800-248-5861,,,,food,walk-in,anyone,,unknown,,English,,,,,active,,,,,auto-inferred,2026-09-20,initial-import,medium,https://is5810.com/main/resources/,2026-09-20,,,
foster-care-information,Foster Care Information,,Foster care information,Statewide,,KY,,Statewide,,,800-232-5437,,,,addiction|family,walk-in,anyone,,unknown,,English,,,,,active,,,,,auto-inferred,2026-09-20,initial-import,medium,https://is5810.com/main/resources/,2026-09-20,,,
pulaski-gods-food-pantry,God's Food Pantry,,Food assistance.,"119 S Central Ave, Somerset, KY",Somerset,KY,,Pulaski,,,606-679-8560,,,,food,walk-in,anyone,,unknown,,English,,,,"https://www.google.com/maps/search/?api=1&query=119+S+Central+Ave,+Somerset,+KY",active,,,,,auto-inferred,2026-09-20,initial-import,medium,https://is5810.com/main/resources/,2026-09-20,,,
gps-getting-peace-for-those-who-served,GPS - Getting Peace for Those Who Served,,"Veteran emotional support, readjustment therapy, family/marriage/substance abuse counseling, spiritual guidance, financial management, job placement",Statewide,,KY,,Statewide,,,606-215-1417,,,,mental-health|addiction|crisis|documents|jobs|family|transportation|veterans,outpatient,families|men|veterans|substance-use,,unknown,,English,,,,,active,,,,,auto-inferred,2026-09-20,initial-import,medium,https://is5810.com/main/resources/,2026-09-20,,,
grace-health,Grace Health,,"Behavioral health, Comprehensive Care, Medication Management, Targeted Case Management, Referral Services",Statewide,,KY,,Statewide,,,888-883-9005,,https://gracehealthky.org,,health|mental-health,walk-in,men,,unknown,,English,,True,,,active,,,,,auto-inferred,2026-09-20,initial-import,medium,https://is5810.com/main/resources/,2026-09-20,,,
greyhound-free-ticket-home-for-runaways,Greyhound Free Ticket Home for Runaways,,Free bus ticket home for runaway youth,Statewide,,KY,,Statewide,,,1-800-786-2929,,https://www.1800runaway.org/youth-teens/home-free,,family|transportation,walk-in,youth,,free,,English,,,,,active,,,,,auto-inferred,2026-09-20,initial-import,medium,https://is5810.com/main/resources/,2026-09-20,,,
clay-grief-support-group,Grief Support Group,,Contact Sharon Kidd.,"London, KY",,KY,,Clay,,,606-312-1513,,,,documents|family|community,peer-led,anyone,,unknown,,English,,,,"https://www.google.com/maps/search/?api=1&query=London,+KY",active,,,,,auto-inferred,2026-09-20,initial-import,medium,https://is5810.com/main/resources/,2026-09-20,,,
perry-haven-house-homeless-shelter,Haven House Homeless Shelter,,Emergency shelter.,"Hazzard, KY",,KY,,Perry,,,606-436-5761,,,,shelter|crisis,residential,anyone,,unknown,,English,,,,"https://www.google.com/maps/search/?api=1&query=Hazzard,+KY",active,,,,,auto-inferred,2026-09-20,initial-import,medium,https://is5810.com/main/resources/,2026-09-20,,,
pulaski-help-for-homeless,Help for Homeless,,Homeless assistance.,"Somerset, KY",,KY,,Pulaski,,,606-875-3893,,,,community,walk-in,anyone,,unknown,,English,,,,"https://www.google.com/maps/search/?api=1&query=Somerset,+KY",active,,,,,auto-inferred,2026-09-20,initial-import,medium,https://is5810.com/main/resources/,2026-09-20,,,
hhck-homeless-housing-coalition-of-ky,HHCK - Homeless & Housing Coalition of KY,,Statewide housing coalition,Statewide,,KY,,Statewide,,,502-223-1834,,https://hhck.org,,housing|documents,residential|government,anyone,,unknown,,English,,,,,active,,,,,auto-inferred,2026-09-20,initial-import,medium,https://is5810.com/main/resources/,2026-09-20,,,
pulaski-high-street-baptist-church,High Street Baptist Church,,Food assistance.,"102 Bourne Ave, Somerset, KY",Somerset,KY,,Pulaski,,,606-678-8973,,,,food,faith-based,anyone,,unknown,,English,,,,"https://www.google.com/maps/search/?api=1&query=102+Bourne+Ave,+Somerset,+KY",active,,,,,auto-inferred,2026-09-20,initial-import,medium,https://is5810.com/main/resources/,2026-09-20,,,
home-health-agency-hotline,Home Health Agency Hotline,,Home health referrals,Statewide,,KY,,Statewide,,,800-635-6290,,,,health|crisis,hotline,anyone,,unknown,,English,,True,,,active,,,,,auto-inferred,2026-09-20,initial-import,medium,https://is5810.com/main/resources/,2026-09-20,,,
clay-homeless-and-housing-coalition-of-ky,Homeless and Housing Coalition of KY,,Housing programs.,Statewide,,KY,,Clay,,,,,https://hhck.org,,housing,residential,anyone,,unknown,,English,,,,,active,,,,,auto-inferred,2026-09-20,initial-import,medium,https://is5810.com/main/resources/,2026-09-20,,,
homeless-veterans-reintegration-program,Homeless Veterans Reintegration Program,,"Resume prep, job searching, job resources for homeless veterans. Must be willing to work, non-dishonorable discharge.",Statewide,,KY,,Statewide,,,606-866-4343|606-548-8977,,https://vivian.taylor@mtcomp.org,,jobs|veterans,walk-in,veterans,"Resume prep, job searching, job resources for homeless veterans. Must be willing to work, non-dishonorable discharge.",unknown,,English,,,,,active,,,,,auto-inferred,2026-09-20,initial-import,medium,https://is5810.com/main/resources/,2026-09-20,,,
homelessshelterdirectory,HomelessShelterDirectory,,,Statewide,,KY,,Statewide,,,,,https://National shelter directory,,shelter,residential,anyone,,unknown,,English,,,,,active,,,,,auto-inferred,2026-09-20,initial-import,medium,https://is5810.com/main/resources/,2026-09-20,,,
knox-hope-place-corbin,Hope Place Corbin,,Transitional support.,"409 Master St, Corbin, KY 40701",Corbin,KY,40701,Whitley,,,606-215-6285,,https://hopeplaceky.org,,community,walk-in,anyone,,unknown,,English,,,,"https://www.google.com/maps/search/?api=1&query=409+Master+St,+Corbin,+KY+40701",active,,,,,auto-inferred,2026-09-20,initial-import,medium,https://is5810.com/main/resources/,2026-09-20,,,
horizon-health,Horizon Health,,"Job support, clothing, shoes, counseling, addiction recovery, women's housing, IOP, MAT, child care, peer support, mental health, behavioral health, youth services, employment, care coordination, harm reduction, ADHD testing, smoking cessation",Statewide,,KY,,Statewide,,,606-657-2030,,https://horizonhealthky.org,,housing|clothing|health|mental-health|addiction|jobs|family|community,residential|outpatient|peer-led,women|men|youth|substance-use,,unknown,,English,,,,,active,,,,,auto-inferred,2026-09-20,initial-import,medium,https://is5810.com/main/resources/,2026-09-20,,,
knox-housing-authority-of-corbin,Housing Authority of Corbin,,,"1336 Madison Ave, Corbin, KY 40701",Corbin,KY,40701,Knox,,,606-528-5104,,https://affordablehousing.com,,housing,residential,anyone,,unknown,,English,,,,"https://www.google.com/maps/search/?api=1&query=1336+Madison+Ave,+Corbin,+KY+40701",active,,,,,auto-inferred,2026-09-20,initial-import,medium,https://is5810.com/main/resources/,2026-09-20,,,
perry-housing-authority-of-hazzard,Housing Authority of Hazzard,,,"100 Campbell St Apt A, Hazzard, KY",Hazzard,KY,,Perry,,,606-436-5741,,https://affordablehousing.com,,housing,residential,anyone,,unknown,,English,,,,"https://www.google.com/maps/search/?api=1&query=100+Campbell+St+Apt+A,+Hazzard,+KY",active,,,,,auto-inferred,2026-09-20,initial-import,medium,https://is5810.com/main/resources/,2026-09-20,,,
clay-housing-authority-of-manchester,Housing Authority of Manchester,,,"306 Town Branch Rd, Manchester, KY 40962",Manchester,KY,40962,Clay,,,606-598-3884,,https://housingauthorityofmanchester.com,,housing,residential,men,,unknown,,English,,,,"https://www.google.com/maps/search/?api=1&query=306+Town+Branch+Rd,+Manchester,+KY+40962",active,,,,,auto-inferred,2026-09-20,initial-import,medium,https://is5810.com/main/resources/,2026-09-20,,,
pulaski-housing-authority-of-somerset,Housing Authority of Somerset,,,"400 Hail Knob Rd, Somerset, KY 42503",Somerset,KY,42503,Pulaski,,,606-679-1332,,https://affordablehousing.com,,housing,residential,anyone,,unknown,,English,,,,"https://www.google.com/maps/search/?api=1&query=400+Hail+Knob+Rd,+Somerset,+KY+42503",active,,,,,auto-inferred,2026-09-20,initial-import,medium,https://is5810.com/main/resources/,2026-09-20,,,
mccreary-housing-authority-of-whitley-city,Housing Authority of Whitley City,,,"488 St Hwy 2792, Pine Knot, KY 42635",Pine Knot,KY,42635,McCreary,,,606-354-2200,,https://affordablehousing.com,,housing,residential,anyone,,unknown,,English,,,,"https://www.google.com/maps/search/?api=1&query=488+St+Hwy+2792,+Pine+Knot,+KY+42635",active,,,,,auto-inferred,2026-09-20,initial-import,medium,https://is5810.com/main/resources/,2026-09-20,,,
housing-voucher-programs-manchester-ky,Housing Voucher Programs Manchester KY,,Veteran housing vouchers,Statewide,,KY,,Statewide,,,877-424-3838,,,,housing|veterans,residential,men|veterans,,unknown,,English,,,,,active,,,,,auto-inferred,2026-09-20,initial-import,medium,https://is5810.com/main/resources/,2026-09-20,,,
whitley-independence-house,Independence House,,Substance abuse treatment for women. 5-bed transitional (6 months) and 10-bed short-term (30 days).,Statewide,,KY,,Whitley,,,606-523-9386,,,,addiction|crisis|transportation,walk-in,women|men|substance-use,,unknown,,English,,,,,active,,,,,auto-inferred,2026-09-20,initial-import,medium,https://is5810.com/main/resources/,2026-09-20,,,
clay-isaiah-5810-ministries,Isaiah 58:10 Ministries,,"Sack lunches, blankets, jackets, cold weather supplies, resource guides. Soup Kitchen Mon/Tues/Thurs/Fri/Sat 11am-1pm at Good Samaritan House.","220 E. 4th St, London, KY 40741",London,KY,40741,Whitley,,,502-801-9119,,https://is5810.com,,food|clothing|documents,walk-in,seniors,,unknown,Mon/Tues/Thurs/Fri/Sat 11am-1pm,English,,,,"https://www.google.com/maps/search/?api=1&query=220+E.+4th+St,+London,+KY+40741",active,,,,,auto-inferred,2026-09-20,initial-import,medium,https://is5810.com/main/resources/,2026-09-20,,Soup Kitchen on-site,
isaiah-house,Isaiah House,,"Addiction recovery: family/marriage/couples counseling, GED/college classes, job skill training, individual/group therapy, detox, DOC case management","Chaplin, Louisville, Williamsburg, Willisburg, Versailles, Harrodsburg, Danville, Georgetown, Hillview, KY",Hillview,KY,,Clay,,,859-375-9200,,https://isaiah-house.org,,mental-health|addiction|documents|jobs|family|education,outpatient,families|men|substance-use,,unknown,,English,,,,"https://www.google.com/maps/search/?api=1&query=Chaplin,+Louisville,+Williamsburg,+Willisburg,+Versailles,+Harrodsburg,+Danville,+Georgetown,+Hillview,+KY",active,,,,,auto-inferred,2026-09-20,initial-import,medium,https://is5810.com/main/resources/,2026-09-20,,,
kceoc-community-action-partnership,KCEOC - Community Action Partnership,,"Senior programs, energy assistance, summer food, weatherization, housing, youth homelessness, emergency support, career center, child development",Statewide,,KY,,Statewide,,,606-546-3152,,https://kceoc.org,,food|housing|crisis|jobs|family|community,residential,men|youth|seniors,,unknown,,English,,,,,active,,,,,auto-inferred,2026-09-20,initial-import,medium,https://is5810.com/main/resources/,2026-09-20,,,
knox-kceoc-womens-emergency-support-center,KCEOC Women's Emergency Support Center,,"Women and children. 15 semi-private beds. Meals, clothing, supportive services, transportation.","U.S. Hwy 25E, Barbourville, KY 40906",Barbourville,KY,40906,Knox,,,606-546-3152,,,,food|shelter|clothing|crisis|family|transportation,residential,families|women|men|youth,,private-pay,,English,,,,"https://www.google.com/maps/search/?api=1&query=U.S.+Hwy+25E,+Barbourville,+KY+40906",active,,,,,auto-inferred,2026-09-20,initial-import,medium,https://is5810.com/main/resources/,2026-09-20,,,
kejc-kentucky-equal-justice-center,KEJC - Kentucky Equal Justice Center,,Legal aid,Statewide,,KY,,Statewide,,,859-788-2927,,https://kyequaljustice.org,,documents|legal,walk-in,re-entry,,unknown,,English,,,,,active,,,,,auto-inferred,2026-09-20,initial-import,medium,https://is5810.com/main/resources/,2026-09-20,,,
kentucky-attorney-generals-office,Kentucky Attorney General's Office,,Legal hotline,Statewide,,KY,,Statewide,,,800-372-2551,,,,crisis|legal,hotline,anyone,,unknown,,English,,,,,active,,,,,auto-inferred,2026-09-20,initial-import,medium,https://is5810.com/main/resources/,2026-09-20,,,
kentucky-domestic-violence-association,Kentucky Domestic Violence Association,,DV support,Statewide,,KY,,Statewide,,,502-209-5382,,,,crisis,walk-in,anyone,,unknown,,English,,,,,active,,,,,auto-inferred,2026-09-20,initial-import,medium,https://is5810.com/main/resources/,2026-09-20,,,
kentucky-harm-reduction-coalition,Kentucky Harm Reduction Coalition,,Harm reduction education and supplies for substance use disorders,"1202 S. 3rd St #103, Louisville, KY 40203",Louisville,KY,40203,Statewide,,,502-537-6061,,https://kyhrc.org,,clothing|addiction|education,walk-in,substance-use,,unknown,,English,,,,"https://www.google.com/maps/search/?api=1&query=1202+S.+3rd+St+#103,+Louisville,+KY+40203",active,,,,,auto-inferred,2026-09-20,initial-import,medium,https://is5810.com/main/resources/,2026-09-20,,,
perry-kentucky-river-community-care,Kentucky River Community Care,,Call 8:30am M-F.,"Hazzard, KY",,KY,,Perry,,,606-436-1945,,,,community,hotline,anyone,,unknown,,English,,,,"https://www.google.com/maps/search/?api=1&query=Hazzard,+KY",active,,,,,auto-inferred,2026-09-20,initial-import,medium,https://is5810.com/main/resources/,2026-09-20,,,
kentucky-voices-for-health,Kentucky Voices for Health,,,Statewide,,KY,,Statewide,,,,,https://Health advocacy,,health,walk-in,anyone,,unknown,,English,,,,,active,,,,,auto-inferred,2026-09-20,initial-import,medium,https://is5810.com/main/resources/,2026-09-20,,,
kfan-kentucky-food-action-network,KFAN - Kentucky Food Action Network,,,Statewide,,KY,,Statewide,,,,,https://Food security advocacy,,food|jobs,walk-in,anyone,,unknown,,English,,,,,active,,,,,auto-inferred,2026-09-20,initial-import,medium,https://is5810.com/main/resources/,2026-09-20,,,
khc-kentucky-housing-corporation,KHC - Kentucky Housing Corporation,,,Statewide,,KY,,Statewide,,,,,https://Housing Choice Voucher/Section 8,,housing,residential,anyone,,unknown,,English,,,,,active,,,,,auto-inferred,2026-09-20,initial-import,medium,https://is5810.com/main/resources/,2026-09-20,,,
ktap-cash-assistance,KTAP - Cash Assistance,,Basic cash assistance for families with children,Statewide,,KY,,Statewide,,,859-306-8959,,https://kynect.ky.gov,,family,walk-in,families|youth,,unknown,,English,,,,,active,,,,,auto-inferred,2026-09-20,initial-import,medium,https://is5810.com/main/resources/,2026-09-20,,,
ky-help-statewide-call-center,KY Help Statewide Call Center,,Substance use disorder assistance and family support,Statewide,,KY,,Statewide,,,1-833-859-4357,,https://OperationUNITE.org/programs/kyhelp-call-center/,,addiction|documents|family,hotline|government,families|substance-use,,unknown,,English,,,,,active,,,,,auto-inferred,2026-09-20,initial-import,medium,https://is5810.com/main/resources/,2026-09-20,,,
ky-hivaids-program,KY HIV/AIDS Program,,HIV/AIDS services,Statewide,,KY,,Statewide,,,800-420-7431,,,,health|documents,walk-in,anyone,,unknown,,English,,,,,active,,,,,auto-inferred,2026-09-20,initial-import,medium,https://is5810.com/main/resources/,2026-09-20,,,
ky-pregnancy-help-centers,KY Pregnancy Help Centers,,Pregnancy support,Statewide,,KY,,Statewide,,,859-255-5400,,https://kyfamily.org,,family,walk-in,anyone,,unknown,,English,,,,,active,,,,,auto-inferred,2026-09-20,initial-import,medium,https://is5810.com/main/resources/,2026-09-20,,,
ky-river-foothills-ssvf,KY River Foothills SSVF,,Temporary rental assistance for qualifying veterans. POC: Lisa Roark.,Statewide,,KY,,Statewide,,,800-372-7601,,,,housing|veterans,walk-in,veterans,,unknown,,English,,,,,active,,,,,auto-inferred,2026-09-20,initial-import,medium,https://is5810.com/main/resources/,2026-09-20,,,
kynect-health-coverage,Kynect Health Coverage,,Health coverage enrollment,Statewide,,KY,,Statewide,,,606-389-6708,,https://gracehealth.org,,health,walk-in,men,,unknown,,English,,,,,active,,,,,auto-inferred,2026-09-20,initial-import,medium,https://is5810.com/main/resources/,2026-09-20,,,
la-red-nacional-de-prevencion-del-suicidio,La Red Nacional De Prevencion Del Suicidio,,Spanish language suicide prevention,Statewide,,KY,,Statewide,,,888-628-9454,,https://988Lifeline.org,,crisis|documents,walk-in,anyone,,unknown,,English|Spanish,,,,,active,,,,,auto-inferred,2026-09-20,initial-import,medium,https://is5810.com/main/resources/,2026-09-20,,,
pulaski-lake-cumberland-recovery,Lake Cumberland Recovery,,"24-hour intake. Genesis House (16-bed female), Lighthouse (48-bed male), Exodus Outpatient.","8294 US Hwy 27, Burnside, KY 42519",Burnside,KY,42519,Pulaski,,,606-341-1160,,https://lcrecovery.com,,addiction,outpatient,women|men,,unknown,,English,,,,"https://www.google.com/maps/search/?api=1&query=8294+US+Hwy+27,+Burnside,+KY+42519",active,,,,,auto-inferred,2026-09-20,initial-import,medium,https://is5810.com/main/resources/,2026-09-20,,,
fayette-level-up-recovery,Level Up Recovery,,"Drug & alcohol counseling, case management, peer support, intensive outpatient.","1555 E. New Circle Rd Suite 190, Lexington, KY 40509",Lexington,KY,40509,Fayette,,,859-329-1181|859-556-7401,,,,mental-health|addiction|community,outpatient|peer-led,men|substance-use,,unknown,,English,,,,"https://www.google.com/maps/search/?api=1&query=1555+E.+New+Circle+Rd+Suite+190,+Lexington,+KY+40509",active,,,,,auto-inferred,2026-09-20,initial-import,medium,https://is5810.com/main/resources/,2026-09-20,,,
pulaski-life-abundant-ministries,Life Abundant Ministries,,Food assistance.,"303 S. Main St, Somerset, KY",Somerset,KY,,Pulaski,,,606-677-0088,,,,food,walk-in,anyone,,unknown,,English,,,,"https://www.google.com/maps/search/?api=1&query=303+S.+Main+St,+Somerset,+KY",active,,,,,auto-inferred,2026-09-20,initial-import,medium,https://is5810.com/main/resources/,2026-09-20,,,
harlan-lindsey-wilson-university,Lindsey Wilson University,,Educational outreach and online programs.,"700 College Rd, Cumberland, KY 40823",Cumberland,KY,40823,Harlan,,,606-589-3075,,https://lindsey.edu,,education,mobile|online,anyone,,unknown,,English,,,,"https://www.google.com/maps/search/?api=1&query=700+College+Rd,+Cumberland,+KY+40823",active,,,,,auto-inferred,2026-09-20,initial-import,medium,https://is5810.com/main/resources/,2026-09-20,,,
long-term-care-ombudsman,Long Term Care Ombudsman,,Nursing home advocacy,Statewide,,KY,,Statewide,,,800-372-2991,,,,community,walk-in,men,,unknown,,English,,,,,active,,,,,auto-inferred,2026-09-20,initial-import,medium,https://is5810.com/main/resources/,2026-09-20,,,
clay-manchester-miracles,Manchester Miracles,,"Sober living, clinical services, life skills, job assistance.","Manchester, KY",,KY,,Clay,,,606-681-6060,,,,housing|health|addiction|jobs,residential,men,,unknown,,English,,,,"https://www.google.com/maps/search/?api=1&query=Manchester,+KY",active,,,,,auto-inferred,2026-09-20,initial-import,medium,https://is5810.com/main/resources/,2026-09-20,,,
medicaid-managed-care-ombudsman,Medicaid Managed Care Ombudsman,,Medicaid advocacy,Statewide,,KY,,Statewide,,,800-807-4027,,,,health|documents|jobs|education,walk-in,men,,insurance,,English,,,,,active,,,,,auto-inferred,2026-09-20,initial-import,medium,https://is5810.com/main/resources/,2026-09-20,,,
whitley-medicalmental-health-cumberland-river-comprehensive-care,Medical/Mental Health - Cumberland River Comprehensive Care,,"Community mental health, substance abuse, developmental disabilities, supportive living, children's services, First Steps.","P.O. Box 84, Williamsburg, KY 40769",Williamsburg,KY,40769,Whitley,,,606-549-1440,,https://crbhky.org,,health|mental-health|addiction|crisis|family|transportation|community,walk-in,families|men|youth|substance-use,,unknown,,English,,,,"https://www.google.com/maps/search/?api=1&query=P.O.+Box+84,+Williamsburg,+KY+40769",active,,,,,auto-inferred,2026-09-20,initial-import,medium,https://is5810.com/main/resources/,2026-09-20,,,
medicaregov,Medicare.gov,,,Statewide,,KY,,Statewide,,,,,https://Medicare information,,health,walk-in,anyone,,unknown,,English,,,,,active,,,,,auto-inferred,2026-09-20,initial-import,medium,https://is5810.com/main/resources/,2026-09-20,,,
clay-mental-health-cumberland-river-comprehensive-care,Mental Health - Cumberland River Comprehensive Care,,"Community mental health, substance abuse, developmental disabilities, supportive living, children's services, First Steps.","Rt. 9 Box 940, Manchester, KY 40962",Manchester,KY,40962,Knox,,,606-598-5172|606-546-3104,,https://crbhky.org,,health|mental-health|addiction|crisis|family|transportation|community,walk-in,families|men|youth|substance-use,,unknown,,English,,,,"https://www.google.com/maps/search/?api=1&query=Rt.+9+Box+940,+Manchester,+KY+40962",active,,,,,auto-inferred,2026-09-20,initial-import,medium,https://is5810.com/main/resources/,2026-09-20,,,
mental-health-counseling,Mental Health Counseling,,Mental health referrals,Statewide,,KY,,Statewide,,,800-928-8000,,,,health|mental-health,outpatient,men,,unknown,,English,,True,,,active,,,,,auto-inferred,2026-09-20,initial-import,medium,https://is5810.com/main/resources/,2026-09-20,,,
mental-health-screenings-online-247,Mental Health Screenings Online 24/7,,,Statewide,,KY,,Statewide,,,,,https://Online mental health screening,,health|mental-health,online,men,,unknown,,English,,,,,active,,,,,auto-inferred,2026-09-20,initial-import,medium,https://is5810.com/main/resources/,2026-09-20,,,
mental-health-support-for-ky-farmers,Mental Health Support for KY Farmers,,,Statewide,,KY,,Statewide,,,,,https://Farm-specific mental health support,,health|mental-health,walk-in,men,,unknown,,English,,,,,active,,,,,auto-inferred,2026-09-20,initial-import,medium,https://is5810.com/main/resources/,2026-09-20,,,
whitley-mercy-mountain-housing,Mercy Mountain Housing,,Rental and acquisition for transitional and permanent housing.,"1866 Whetstone Rd, Rockholds, KY 40759",Rockholds,KY,40759,Whitley,,,866-338-0557,,,,housing,residential,men,,unknown,,English,,,,"https://www.google.com/maps/search/?api=1&query=1866+Whetstone+Rd,+Rockholds,+KY+40759",active,,,,,auto-inferred,2026-09-20,initial-import,medium,https://is5810.com/main/resources/,2026-09-20,,,
harlan-meridzo-center,Meridzo Center,,"Distribution center, Hope House, Redeemed Living Transitions.","202 Church St, Lynch, KY 40855",Lynch,KY,40855,Harlan,,,606-848-2766,,https://meridzo.org,,documents,walk-in,anyone,,unknown,,English,,,,"https://www.google.com/maps/search/?api=1&query=202+Church+St,+Lynch,+KY+40855",active,,,,,auto-inferred,2026-09-20,initial-import,medium,https://is5810.com/main/resources/,2026-09-20,,,
mha-mental-health-america-of-ky,MHA - Mental Health America of KY,,"Mental health screenings, education, advocacy, system navigation",Statewide,,KY,,Statewide,,,859-684-7778,,https://mhaky.org,,health|mental-health|education,walk-in,men,,unknown,,English,,,,,active,,,,,auto-inferred,2026-09-20,initial-import,medium,https://is5810.com/main/resources/,2026-09-20,,,
clay-mommy-me,Mommy & Me,,Helps women with children.,Statewide,,KY,,Clay,,,606-603-2486,,,,family,walk-in,families|women|men|youth,,unknown,,English,,,,,active,,,,,auto-inferred,2026-09-20,initial-import,medium,https://is5810.com/main/resources/,2026-09-20,,,
clay-mortgage-and-credit-counseling-apprisen,Mortgage and Credit Counseling - Apprisen,,"HUD-approved counseling, mortgage delinquency, foreclosure prevention, reverse mortgage.","2265 Harrodsburg Rd, Lexington, KY 40504",Lexington,KY,40504,Clay,,,800-355-2227,,https://apprisen.com,,mental-health,outpatient|online,anyone,,unknown,,English,,,,"https://www.google.com/maps/search/?api=1&query=2265+Harrodsburg+Rd,+Lexington,+KY+40504",active,,,,,auto-inferred,2026-09-20,initial-import,medium,https://is5810.com/main/resources/,2026-09-20,,,
whitley-mortgagecredit-counseling-apprisen,Mortgage/Credit Counseling - Apprisen,,"HUD-approved counseling, foreclosure prevention, reverse mortgage.","2265 Harrodsburg Rd, Lexington, KY 40504",Lexington,KY,40504,Whitley,,,800-355-2227,,https://apprisen.com,,mental-health,outpatient|online,anyone,,unknown,,English,,,,"https://www.google.com/maps/search/?api=1&query=2265+Harrodsburg+Rd,+Lexington,+KY+40504",active,,,,,auto-inferred,2026-09-20,initial-import,medium,https://is5810.com/main/resources/,2026-09-20,,,
whitley-mountain-outreach,Mountain Outreach,,"Food assistance, minor home repairs, house builds, construction projects.","Williamsburg, KY",,KY,,Whitley,,,800-343-1609,,https://ucumberlands.edu,,food,mobile,anyone,,unknown,,English,,,,"https://www.google.com/maps/search/?api=1&query=Williamsburg,+KY",active,,,,,auto-inferred,2026-09-20,initial-import,medium,https://is5810.com/main/resources/,2026-09-20,,,
national-domestic-violence-hotline,National Domestic Violence Hotline,,DV hotline,Statewide,,KY,,Statewide,,,800-779-7233,,,,crisis,hotline,anyone,,unknown,,English,,,,,active,,,,,auto-inferred,2026-09-20,initial-import,medium,https://is5810.com/main/resources/,2026-09-20,,,
national-human-trafficking-hotline,National Human Trafficking Hotline,,Trafficking hotline,Statewide,,KY,,Statewide,,,888-373-7888,,,,crisis,hotline,men,,unknown,,English,,,,,active,,,,,auto-inferred,2026-09-20,initial-import,medium,https://is5810.com/main/resources/,2026-09-20,,,
national-lead-information-center,National Lead Information Center,,Lead poisoning info,Statewide,,KY,,Statewide,,,800-424-5323,,,,addiction,walk-in,anyone,,unknown,,English,,,,,active,,,,,auto-inferred,2026-09-20,initial-import,medium,https://is5810.com/main/resources/,2026-09-20,,,
national-maternal-mental-health-line,National Maternal Mental Health Line,,Maternal mental health,Statewide,,KY,,Statewide,,,833-943-5749,,,,health|mental-health|addiction,walk-in,men,,unknown,,English,,,,,active,,,,,auto-inferred,2026-09-20,initial-import,medium,https://is5810.com/main/resources/,2026-09-20,,,
national-network-to-end-domestic-violence,National Network to End Domestic Violence,,DV advocacy,Statewide,,KY,,Statewide,,,202-543-5566,,,,crisis|jobs,walk-in,anyone,,unknown,,English,,,,,active,,,,,auto-inferred,2026-09-20,initial-import,medium,https://is5810.com/main/resources/,2026-09-20,,,
national-resource-information,National Resource information,,,Statewide,,KY,,Statewide,,,,,https://National resource list,,addiction,walk-in,anyone,,unknown,,English,,,,,active,,,,,auto-inferred,2026-09-20,initial-import,medium,https://is5810.com/main/resources/,2026-09-20,,,
national-sexual-assault-hotline,National Sexual Assault Hotline,,RAINN sexual assault support,Statewide,,KY,,Statewide,,,800-656-4673,,,,crisis,hotline,anyone,,unknown,,English,,,,,active,,,,,auto-inferred,2026-09-20,initial-import,medium,https://is5810.com/main/resources/,2026-09-20,,,
national-veterans-foundation,National Veterans Foundation,,"Vet-to-vet service, real solutions for veteran problems. Nationwide.","5777 West Century Blvd Suite 350, Los Angeles, CA 90045",Los Angeles,KY,,Statewide,,,888-777-4443,,https://nvf.org,,documents|veterans,walk-in,veterans,,unknown,,English,,,,"https://www.google.com/maps/search/?api=1&query=5777+West+Century+Blvd+Suite+350,+Los+Angeles,+CA+90045",active,,,,,auto-inferred,2026-09-20,initial-import,medium,https://is5810.com/main/resources/,2026-09-20,,,
national-victim-notification-network,National Victim Notification Network,,Victim notification,Statewide,,KY,,Statewide,,,800-511-1670,,,,jobs,walk-in,anyone,,unknown,,English,,,,,active,,,,,auto-inferred,2026-09-20,initial-import,medium,https://is5810.com/main/resources/,2026-09-20,,,
nemt-non-emergency-medical-transportation,NEMT - Non-Emergency Medical Transportation,,Medicaid transportation to appointments,Statewide,,KY,,Statewide,,,,,,,health|crisis|documents|transportation,online,men,,insurance,,English,,,,,active,,,,,auto-inferred,2026-09-20,initial-import,medium,https://is5810.com/main/resources/,2026-09-20,,,
fayette-new-day-recovery-center,New Day Recovery Center,,,"711 E. Loudon Ave, Lexington, KY 40505",Lexington,KY,40505,Fayette,,,859-749-4370|844-923-4357,,https://newdaycenter.com,,addiction,walk-in,anyone,,unknown,,English,,,,"https://www.google.com/maps/search/?api=1&query=711+E.+Loudon+Ave,+Lexington,+KY+40505",active,,,,,auto-inferred,2026-09-20,initial-import,medium,https://is5810.com/main/resources/,2026-09-20,,,
clay-new-hope-counseling-recovery,New Hope Counseling Recovery,,"Inspiring hope, changing lives.",Statewide,,KY,,Knox,,,606-594-7479,,https://nhcr4u.com,,mental-health|addiction,outpatient,anyone,,unknown,,English,,,,,active,,,,,auto-inferred,2026-09-20,initial-import,medium,https://is5810.com/main/resources/,2026-09-20,,,
knox-new-hope-village-apartments,New Hope Village Apartments,,11 one-bedroom units for mentally ill adults.,"P.O. Box 568, Corbin, KY 40701",Corbin,KY,40701,Knox,,,606-528-7010 ext 202,,,,housing,residential,men,,unknown,,English,,,,"https://www.google.com/maps/search/?api=1&query=P.O.+Box+568,+Corbin,+KY+40701",active,,,,,auto-inferred,2026-09-20,initial-import,medium,https://is5810.com/main/resources/,2026-09-20,,,
morgan-new-vision-recovery-center,New Vision Recovery Center,,"IOP/outpatient, 24-hour intake, drug screening, clinical & peer support, individualized treatment, case management, life skills.","559 Riverside Dr, West Liberty, KY 41472",West Liberty,KY,41472,Morgan,,,606-743-2107,,,,health|mental-health|addiction|documents|community,outpatient|peer-led,men|substance-use,,unknown,,English,,,,"https://www.google.com/maps/search/?api=1&query=559+Riverside+Dr,+West+Liberty,+KY+41472",active,,,,,auto-inferred,2026-09-20,initial-import,medium,https://is5810.com/main/resources/,2026-09-20,,,
nosw-new-opportunity-school-for-women,NOSW - New Opportunity School for Women,,"Free 2-week residential program in Berea: self-esteem, wellness, career, education, arts. Childcare/transportation reimbursement. Free online courses.",Statewide,,KY,,Statewide,,,859-985-7200,,https://nosw.org,,documents|jobs|family|transportation|education,residential|online,women|men|youth,,free,,English,,,,,active,,,,,auto-inferred,2026-09-20,initial-import,medium,https://is5810.com/main/resources/,2026-09-20,,,
pulaski-open-arms-recovery-center,Open Arms Recovery Center,,"Structured individualized treatment, long-term sobriety, harm reduction, community integration.","166 Griffin Ave, Somerset, KY 42501",Somerset,KY,42501,Pulaski,,,859-494-2656,,https://openarmsrecovery.org,,addiction|documents|community,walk-in,men,,unknown,,English,,,,"https://www.google.com/maps/search/?api=1&query=166+Griffin+Ave,+Somerset,+KY+42501",active,,,,,auto-inferred,2026-09-20,initial-import,medium,https://is5810.com/main/resources/,2026-09-20,,,
operation-unite,Operation UNITE,,Substance misuse prevention and recovery facilitation,"350 C.A.P. Dr, London, KY 40744",London,KY,40744,Statewide,,,1-866-678-6483,,https://OperationUNITE.org,,addiction,walk-in,substance-use,,unknown,,English,,,,"https://www.google.com/maps/search/?api=1&query=350+C.A.P.+Dr,+London,+KY+40744",active,,,,,auto-inferred,2026-09-20,initial-import,medium,https://is5810.com/main/resources/,2026-09-20,,,
oxford-house,Oxford House,,"Peer-run, self-sustaining, substance-free housing","1010 Wayne Ave Suite 300, Silver Spring, MD 20910",Silver Spring,KY,,Franklin,,,301-587-2916|859-353-8452,,https://oxfordhouse.org,,housing|addiction|community,residential|peer-led,substance-use,,free,,English,,,,"https://www.google.com/maps/search/?api=1&query=1010+Wayne+Ave+Suite+300,+Silver+Spring,+MD+20910",active,,,,,auto-inferred,2026-09-20,initial-import,medium,https://is5810.com/main/resources/,2026-09-20,,,
peacefully-whole-recovery,Peacefully Whole Recovery,,"Holistic recovery from alcohol, opioids, trauma. Serves 22 counties.",Statewide,,KY,,Statewide,,,859-412-2320,,https://piecefullywhole.org,,addiction|documents,walk-in,substance-use,,unknown,,English,,,,,active,,,,,auto-inferred,2026-09-20,initial-import,medium,https://is5810.com/main/resources/,2026-09-20,,,
fayette-perfect-imperfections,Perfect Imperfections,,"Licensed AODE, IOP, individual/group counseling, substance use counseling, case management, peer support, recovery housing.","1018 E. New Circle Rd Ste 204, Lexington, KY 40505",Lexington,KY,40505,Madison,,,859-693-6089|859-368-0003,,https://perfectimperfectionsky.com,,housing|mental-health|addiction|documents|community,residential|outpatient|peer-led,men|substance-use,,unknown,,English,,,,"https://www.google.com/maps/search/?api=1&query=1018+E.+New+Circle+Rd+Ste+204,+Lexington,+KY+40505",active,,,,,auto-inferred,2026-09-20,initial-import,medium,https://is5810.com/main/resources/,2026-09-20,,,
pinnacle-treatment-centers,Pinnacle Treatment Centers,,"24/7 admission, male/female beds, detox and residential",Statewide,,KY,,Statewide,,,606-922-2012,,https://pinnacletreatment.com,,shelter|addiction|documents,residential,women|men,,unknown,24/7,English,,,,,active,,,,,auto-inferred,2026-09-20,initial-import,medium,https://is5810.com/main/resources/,2026-09-20,,,
poison-control,Poison Control,,Poison emergency,Statewide,,KY,,Statewide,,,800-222-1222,,,,crisis,walk-in,anyone,,unknown,,English,,,,,active,,,,,auto-inferred,2026-09-20,initial-import,medium,https://is5810.com/main/resources/,2026-09-20,,,
jefferson-pregnancy-center,Pregnancy Center,,Pregnancy support services.,"Louisville, KY",,KY,,Pulaski,,,502-640-1788|859-300-1503,,,,family,walk-in,anyone,,unknown,,English,,,,"https://www.google.com/maps/search/?api=1&query=Louisville,+KY",active,,,,,auto-inferred,2026-09-20,initial-import,medium,https://is5810.com/main/resources/,2026-09-20,,,
prevent-child-abuse-kentucky,Prevent Child Abuse Kentucky,,Child abuse prevention,Statewide,,KY,,Statewide,,,800-432-9251,,,,crisis|family|transportation,walk-in,youth,,unknown,,English,,,,,active,,,,,auto-inferred,2026-09-20,initial-import,medium,https://is5810.com/main/resources/,2026-09-20,,,
rainn-rape-abuse-and-incest-national-network,"RAINN - Rape, Abuse and Incest National Network",,Sexual assault support,Statewide,,KY,,Statewide,,,800-656-4673,,,,crisis|jobs|transportation,walk-in,anyone,,unknown,,English,,,,,active,,,,,auto-inferred,2026-09-20,initial-import,medium,https://is5810.com/main/resources/,2026-09-20,,,
rape-crisis-hotline,Rape Crisis Hotline,,Rape crisis support,Statewide,,KY,,Statewide,,,800-422-1060,,,,crisis,hotline,anyone,,unknown,,English,,,,,active,,,,,auto-inferred,2026-09-20,initial-import,medium,https://is5810.com/main/resources/,2026-09-20,,,
recovery-care-arc,Recovery Care - ARC,,"Casey's Law intervention, accepts Wellcare, United Health Care, Anthem","332 River Bend Rd, Louisa, KY",Louisa,KY,,Statewide,,,888-530-7632,,https://arccenters.com,,health|addiction|legal,walk-in,anyone,,unknown,,English,,,,"https://www.google.com/maps/search/?api=1&query=332+River+Bend+Rd,+Louisa,+KY",active,,,,,auto-inferred,2026-09-20,initial-import,medium,https://is5810.com/main/resources/,2026-09-20,,,
clay-red-bird-mission,Red Bird Mission,,"Food, clothing, household items, furniture, transportation, GED, tax prep, prenatal education, daycare, school K-12.","70 Queendale Center, Beverly, KY 40913",Beverly,KY,40913,Clay,,,606-598-0520,,https://rbmission.org,,food|clothing|jobs|family|transportation|education,walk-in,seniors,,unknown,,English,,,,"https://www.google.com/maps/search/?api=1&query=70+Queendale+Center,+Beverly,+KY+40913",active,,,,,auto-inferred,2026-09-20,initial-import,medium,https://is5810.com/main/resources/,2026-09-20,,,
knox-redemption-road-recovery,Redemption Road Recovery,,,"Barbourville, KY",,KY,,Knox,,,606-545-5169,,,,addiction,walk-in,anyone,,unknown,,English,,,,"https://www.google.com/maps/search/?api=1&query=Barbourville,+KY",active,,,,,auto-inferred,2026-09-20,initial-import,medium,https://is5810.com/main/resources/,2026-09-20,,,
resource-center-for-child-protection,Resource Center for Child Protection,,Child protection,Statewide,,KY,,Statewide,,,800-527-3232,,,,family,walk-in,youth,,unknown,,English,,,,,active,,,,,auto-inferred,2026-09-20,initial-import,medium,https://is5810.com/main/resources/,2026-09-20,,,
restoration-healthcare,Restoration Healthcare,,,Statewide,,KY,,Statewide,,,,,https://Healthcare services,,health,walk-in,anyone,,unknown,,English,,,,,active,,,,,auto-inferred,2026-09-20,initial-import,medium,https://is5810.com/main/resources/,2026-09-20,,,
fayette-roaring-brook-recovery,Roaring Brook Recovery,,"PHP, IOP, aftercare, men's/women's rehab, sober living, MAT, Hep-C treatment, alumni program.","600 Perimeter Dr Ste 125, Lexington, KY 40517",Lexington,KY,40517,Fayette,,,866-678-8123,,https://roaringbrookrecovery.com,,housing|addiction,residential|outpatient,women|men,,unknown,,English,,,,"https://www.google.com/maps/search/?api=1&query=600+Perimeter+Dr+Ste+125,+Lexington,+KY+40517",active,,,,,auto-inferred,2026-09-20,initial-import,medium,https://is5810.com/main/resources/,2026-09-20,,,
serenity-ranch-recovery,Serenity Ranch Recovery,,Kentucky's leading detox and rehab. 6 locations in KY and TN.,Statewide,,KY,,Statewide,,,270-515-0212,,https://serenityranchrecovery.com,,addiction,walk-in,anyone,,unknown,,English,,,,,active,,,,,auto-inferred,2026-09-20,initial-import,medium,https://is5810.com/main/resources/,2026-09-20,,,
fayette-shepherds-house,Shepherds House,,,"635 Maxwelton Ct, Lexington, KY 40508",Lexington,KY,40508,Fayette,,,859-252-1939|859-447-4020,,https://shepherdshouseinc.com,,community,walk-in,anyone,,unknown,,English,,,,"https://www.google.com/maps/search/?api=1&query=635+Maxwelton+Ct,+Lexington,+KY+40508",active,,,,,auto-inferred,2026-09-20,initial-import,medium,https://is5810.com/main/resources/,2026-09-20,,,
ship-state-health-insurance-assistance,SHIP - State Health Insurance Assistance,,Medicare counseling,Statewide,,KY,,Statewide,,,877-293-7447,,,,health|mental-health,outpatient|government,anyone,,insurance,,English,,,,,active,,,,,auto-inferred,2026-09-20,initial-import,medium,https://is5810.com/main/resources/,2026-09-20,,,
sids-back-to-sleep-campaign,SID's Back to Sleep Campaign,,Safe sleep for infants,Statewide,,KY,,Statewide,,,800-505-2742,,,,shelter|documents,walk-in,anyone,,unknown,,English,,,,,active,,,,,auto-inferred,2026-09-20,initial-import,medium,https://is5810.com/main/resources/,2026-09-20,,,
snap-supplemental-nutrition-assistance,SNAP - Supplemental Nutrition Assistance,,Food assistance benefits,Statewide,,KY,,Statewide,,,855-306-8959,,,,food,walk-in,men,,unknown,,English,,,,,active,,,,,auto-inferred,2026-09-20,initial-import,medium,https://is5810.com/main/resources/,2026-09-20,,,
soar-shaping-our-appalachian-region,SOAR - Shaping Our Appalachian Region,,Regional development,Statewide,,KY,,Statewide,,,606-766-1160,,https://soar.org,,community,online,men,,unknown,,English,,,,,active,,,,,auto-inferred,2026-09-20,initial-import,medium,https://is5810.com/main/resources/,2026-09-20,,,
pulaski-somerset-community-college,Somerset Community College,,Human & Social Services classes.,"808 Monticello St, Somerset, KY 42501",Somerset,KY,42501,Pulaski,,,606-451-6885,,https://somerset.kctcs.edu,,education|community,walk-in,men,,unknown,,English,,,,"https://www.google.com/maps/search/?api=1&query=808+Monticello+St,+Somerset,+KY+42501",active,,,,,auto-inferred,2026-09-20,initial-import,medium,https://is5810.com/main/resources/,2026-09-20,,,
sos-ministries-mission-field,SOS Ministries Mission Field,,Picks up and assists victims of trafficking and addiction. Provides safety and recovery support.,Statewide,,KY,,Statewide,,,937-262-4100|855-696-2453,,https://saveoursoulsministries.org,,addiction|crisis|documents,walk-in,substance-use,,unknown,,English,,,,,active,,,,,auto-inferred,2026-09-20,initial-import,medium,https://is5810.com/main/resources/,2026-09-20,,,
sparc-job-training,SPARC - Job Training,,"Sobriety, peace, awareness, recovery, community","1442 W. Steve Wariner Dr, Russell Springs, KY 42642",Russell Springs,KY,42642,Statewide,,,859-396-0260,,https://sparcrecovery.com,,addiction|jobs|community,walk-in,anyone,,unknown,,English,,,,"https://www.google.com/maps/search/?api=1&query=1442+W.+Steve+Wariner+Dr,+Russell+Springs,+KY+42642",active,,,,,auto-inferred,2026-09-20,initial-import,medium,https://is5810.com/main/resources/,2026-09-20,,,
special-needs-adoption,Special Needs Adoption,,Special needs adoption,Statewide,,KY,,Statewide,,,800-423-9346,,,,community,walk-in,anyone,,unknown,,English,,,,,active,,,,,auto-inferred,2026-09-20,initial-import,medium,https://is5810.com/main/resources/,2026-09-20,,,
spouse-abuse-hotline,Spouse Abuse Hotline,,Spouse abuse hotline,Statewide,,KY,,Statewide,,,800-544-2022,,,,crisis|transportation,hotline,anyone,,unknown,,English,,,,,active,,,,,auto-inferred,2026-09-20,initial-import,medium,https://is5810.com/main/resources/,2026-09-20,,,
madison-st-john-recovery-for-men,St. John Recovery for Men,,"Behavioral health counseling, structured recovery housing.","Richmond, KY",,KY,,Madison,,,859-300-1503,,https://stjohnrecoveryllc.com,,housing|health|mental-health|addiction,residential|outpatient,men,,unknown,,English,,,,"https://www.google.com/maps/search/?api=1&query=Richmond,+KY",active,,,,,auto-inferred,2026-09-20,initial-import,medium,https://is5810.com/main/resources/,2026-09-20,,,
fayette-still-waters-counseling,Still Waters Counseling,,"IOP/OP group therapy, peer support, case management.","828 Lane Allen Rd, Lexington, KY 40504",Lexington,KY,40504,Fayette,,,859-399-1373|859-382-5687,,https://stillwaters.org,,mental-health|addiction|community,outpatient|peer-led,men,,unknown,,English,,,,"https://www.google.com/maps/search/?api=1&query=828+Lane+Allen+Rd,+Lexington,+KY+40504",active,,,,,auto-inferred,2026-09-20,initial-import,medium,https://is5810.com/main/resources/,2026-09-20,,,
suicide-and-crisis-hotline,Suicide and Crisis Hotline,,Call or text 988,Statewide,,KY,,Statewide,,,,,https://988lifeline.org,,crisis|documents,hotline,anyone,,unknown,,English,,,,,active,,,,,auto-inferred,2026-09-20,initial-import,medium,https://is5810.com/main/resources/,2026-09-20,,,
target-4-project,Target 4 Project,,"Free HIV screening, Hepatitis C testing, PrEP referrals, Narcan, health education",Statewide,,KY,,Statewide,,,606-878-7754 ext. 247,,,,health|mental-health|education,walk-in,anyone,,free,,English,,True,,,active,,,,,auto-inferred,2026-09-20,initial-import,medium,https://is5810.com/main/resources/,2026-09-20,,,
knox-the-everlasting-arm,The Everlasting Arm,,16-bed emergency shelter up to 90 days. Food and clothing bank.,"2006 S. Main St, Corbin, KY 40701",Corbin,KY,40701,Knox,,,606-528-3669,,https://theeverlastingarminc@gmail.com,,food|shelter|clothing|crisis,residential,anyone,,unknown,,English,,,,"https://www.google.com/maps/search/?api=1&query=2006+S.+Main+St,+Corbin,+KY+40701",active,,,,,auto-inferred,2026-09-20,initial-import,medium,https://is5810.com/main/resources/,2026-09-20,,,
mccreary-the-next-chapter-men,The Next Chapter - Men,,Faith-based. Provides transport.,"Whitley City, KY",,KY,,McCreary,,,606-376-7416,,,,documents|transportation,faith-based,men,,unknown,,English,,,,"https://www.google.com/maps/search/?api=1&query=Whitley+City,+KY",active,,,,,auto-inferred,2026-09-20,initial-import,medium,https://is5810.com/main/resources/,2026-09-20,,,
mccreary-the-next-chapter-women,The Next Chapter - Women,,Faith-based. Provides transport.,"Whitley City, KY",,KY,,McCreary,,,606-376-7414,,,,documents|transportation,faith-based,women|men,,unknown,,English,,,,"https://www.google.com/maps/search/?api=1&query=Whitley+City,+KY",active,,,,,auto-inferred,2026-09-20,initial-import,medium,https://is5810.com/main/resources/,2026-09-20,,,
madison-total-abstinence-behavioral-health,Total Abstinence Behavioral Health,,Behavioral health counseling.,"230 Battlefield Memorial Hwy, Richmond, KY 40475",Richmond,KY,40475,Madison,,,859-408-7031,,https://totalabstinence24.com,,health|mental-health,outpatient,anyone,,unknown,,English,,,,"https://www.google.com/maps/search/?api=1&query=230+Battlefield+Memorial+Hwy,+Richmond,+KY+40475",active,,,,,auto-inferred,2026-09-20,initial-import,medium,https://is5810.com/main/resources/,2026-09-20,,,
trans-lifeline,Trans Lifeline,,Transgender crisis support,Statewide,,KY,,Statewide,,,877-565-8860,,,,crisis,hotline,lgbtq+,,unknown,,English,,,,,active,,,,,auto-inferred,2026-09-20,initial-import,medium,https://is5810.com/main/resources/,2026-09-20,,,
trevor-project-lgbtq-youth,Trevor Project - LGBTQ+ Youth,,LGBTQ+ youth crisis support,Statewide,,KY,,Statewide,,,866-488-7386,,,,crisis|family,walk-in,youth|lgbtq+,,unknown,,English,,,,,active,,,,,auto-inferred,2026-09-20,initial-import,medium,https://is5810.com/main/resources/,2026-09-20,,,
lincoln-turnersville-christian-mission,Turnersville Christian Mission,,Community mission.,"200 Hwy 198, Stanford, KY 40484",Stanford,KY,40484,Lincoln,,,859-583-8155,,,,community,faith-based,anyone,,unknown,,English,,,,"https://www.google.com/maps/search/?api=1&query=200+Hwy+198,+Stanford,+KY+40484",active,,,,,auto-inferred,2026-09-20,initial-import,medium,https://is5810.com/main/resources/,2026-09-20,,,
pulaski-united-way,United Way,,Food assistance.,"208 E. Mt Vernon St, Somerset, KY",Somerset,KY,,Pulaski,,,606-679-2974,,,,food,walk-in,anyone,,unknown,,English,,,,"https://www.google.com/maps/search/?api=1&query=208+E.+Mt+Vernon+St,+Somerset,+KY",active,,,,,auto-inferred,2026-09-20,initial-import,medium,https://is5810.com/main/resources/,2026-09-20,,,
vfw-veterans-of-foreign-wars,VFW - Veterans of Foreign Wars,,Veterans service organization,"3027 W. Laurel Rd, London, KY 40741",London,KY,40741,Statewide,,,606-862-9336,,,,veterans,walk-in,veterans,,unknown,,English,,,,"https://www.google.com/maps/search/?api=1&query=3027+W.+Laurel+Rd,+London,+KY+40741",active,,,,,auto-inferred,2026-09-20,initial-import,medium,https://is5810.com/main/resources/,2026-09-20,,,
voa-mid-states-employment-services,VOA Mid-States Employment Services,,Employment for people in recovery,Statewide,,KY,,Statewide,,,606-765-3566,,,,addiction|documents|jobs,government,men,,unknown,,English,,,,,active,,,,,auto-inferred,2026-09-20,initial-import,medium,https://is5810.com/main/resources/,2026-09-20,,,
voa-mid-states-freedom-house,VOA Mid-States Freedom House,,Treatment without leaving children. Insurance assistance. Employment services.,"1025 2nd St, Louisville, KY 40203",Louisville,KY,40203,Statewide,,,502-635-4530,,https://voamid.org/recovery,,addiction|documents|jobs|family,government,families|men|youth,,free,,English,,,,"https://www.google.com/maps/search/?api=1&query=1025+2nd+St,+Louisville,+KY+40203",active,,,,,auto-inferred,2026-09-20,initial-import,medium,https://is5810.com/main/resources/,2026-09-20,,,
voa-mid-states-recovery-community-center,VOA Mid-States Recovery Community Center,,"Safe, supportive recovery community. Education, connections, support.","48 Owens Rd, Manchester, KY 40962",Manchester,KY,40962,Statewide,,,606-658-9236,,https://FB: VOA Recovery Community Center,,addiction|documents|education|community,government,anyone,,unknown,,English,,,,"https://www.google.com/maps/search/?api=1&query=48+Owens+Rd,+Manchester,+KY+40962",active,,,,,auto-inferred,2026-09-20,initial-import,medium,https://is5810.com/main/resources/,2026-09-20,,,
voa-mid-states-restorative-justice,VOA Mid-States Restorative Justice,,Victim healing and restoration,Statewide,,KY,,Statewide,,,502-585-9920,,,,documents|legal,government,re-entry,,unknown,,English,,,,,active,,,,,auto-inferred,2026-09-20,initial-import,medium,https://is5810.com/main/resources/,2026-09-20,,,
voa-mid-states-veteran-services,VOA Mid-States Veteran Services,,,Statewide,,KY,,Statewide,,,,,"https://Moral injury, preventing suicide, SSVF, homeless veterans reintegration",,documents|veterans,government,veterans,,unknown,,English,,,,,active,,,,,auto-inferred,2026-09-20,initial-import,medium,https://is5810.com/main/resources/,2026-09-20,,,
clay-voa-recovery-freedom-house-manchester,VOA Recovery - Freedom House Manchester,,Recovery housing.,"8467 US-421, Manchester, KY 40962",Manchester,KY,40962,Clay,,,606-603-2486,,https://voamid.org,,housing|addiction,residential,men,,free,,English,,,,"https://www.google.com/maps/search/?api=1&query=8467+US-421,+Manchester,+KY+40962",active,,,,,auto-inferred,2026-09-20,initial-import,medium,https://is5810.com/main/resources/,2026-09-20,,,
vocal-kentucky,Vocal Kentucky,,Harm reduction and advocacy,"723 S. Brook St, Louisville, KY 40203",Louisville,KY,40203,Statewide,,,502-356-2322,,https://vocal-ky.org,,community,walk-in,anyone,,unknown,,English,,,,"https://www.google.com/maps/search/?api=1&query=723+S.+Brook+St,+Louisville,+KY+40203",active,,,,,auto-inferred,2026-09-20,initial-import,medium,https://is5810.com/main/resources/,2026-09-20,,,
fayette-voices-of-hope,Voices of Hope,,Recovery community center and support services.,"644 N. Broadway, Lexington, KY 40508",Lexington,KY,40508,Fayette,,,859-303-7671,,https://voicesofhopelex.org,,addiction|community,walk-in,anyone,,unknown,,English,,,,"https://www.google.com/maps/search/?api=1&query=644+N.+Broadway,+Lexington,+KY+40508",active,,,,,auto-inferred,2026-09-20,initial-import,medium,https://is5810.com/main/resources/,2026-09-20,,,
fayette-walker-house,Walker House,,"Sober living, recovery house, addiction/family/teen counseling, anxiety therapy.","Lexington, KY",,KY,,Fayette,,,859-310-3567,,https://walkerhouseinc.com,,housing|mental-health|addiction|family,residential|outpatient,families|youth|substance-use,,unknown,,English,,,,"https://www.google.com/maps/search/?api=1&query=Lexington,+KY",active,,,,,auto-inferred,2026-09-20,initial-import,medium,https://is5810.com/main/resources/,2026-09-20,,,
walker-house-sober-living,Walker House Sober Living,,"Transport, sober living, recovery, addiction/family/teen counseling, anxiety therapy","Winchester & Lexington, KY",,KY,,Statewide,,,859-310-3567,,https://walkerhouseinc.com,,housing|mental-health|addiction|family|transportation,residential|outpatient,families|youth|substance-use,,unknown,,English,,,,"https://www.google.com/maps/search/?api=1&query=Winchester+&+Lexington,+KY",active,,,,,auto-inferred,2026-09-20,initial-import,medium,https://is5810.com/main/resources/,2026-09-20,,,
welfare-and-medicaid-fraud,Welfare and Medicaid Fraud,,Report fraud,Statewide,,KY,,Statewide,,,800-372-2970,,,,health|documents,walk-in,anyone,,insurance,,English,,,,,active,,,,,auto-inferred,2026-09-20,initial-import,medium,https://is5810.com/main/resources/,2026-09-20,,,
perry-whispering-pines,Whispering Pines,,Affordable housing.,"Hazzard, KY",,KY,,Perry,,,606-438-5929,,https://affordablehousing.com,,housing,residential,anyone,,unknown,,English,,,,"https://www.google.com/maps/search/?api=1&query=Hazzard,+KY",active,,,,,auto-inferred,2026-09-20,initial-import,medium,https://is5810.com/main/resources/,2026-09-20,,,
mccreary-whitley-city-treatment-center,Whitley City Treatment Center,,,"Whitley City, KY",,KY,,McCreary,,,423-560-6594,,https://recovery.org,,addiction,walk-in,men,,unknown,,English,,,,"https://www.google.com/maps/search/?api=1&query=Whitley+City,+KY",active,,,,,auto-inferred,2026-09-20,initial-import,medium,https://is5810.com/main/resources/,2026-09-20,,,
whitley-whitley-county-health-department,Whitley County Health Department,,"Clinical services, public health.","368 Penny Ln, Williamsburg, KY 40769",Williamsburg,KY,40769,Whitley,,,606-549-3380,,https://whitleycountyhealthdepartment.com,,health,government,men,,unknown,,English,,,,"https://www.google.com/maps/search/?api=1&query=368+Penny+Ln,+Williamsburg,+KY+40769",active,,,,,auto-inferred,2026-09-20,initial-import,medium,https://is5810.com/main/resources/,2026-09-20,,,
wic-women-infants-and-children,WIC - Women Infants and Children,,Nutrition assistance,Statewide,,KY,,Statewide,,,800-462-6122,,,,food|family,walk-in,families|women|men|youth,,unknown,,English,,,,,active,,,,,auto-inferred,2026-09-20,initial-import,medium,https://is5810.com/main/resources/,2026-09-20,,,
whitley-williamsburg-housing-authority,Williamsburg Housing Authority,,,"600 Brush Arbour Church Rd, Williamsburg, KY",Williamsburg,KY,,Whitley,,,606-549-0282,,https://affordablehousing.com,,housing,residential,anyone,,unknown,,English,,,,"https://www.google.com/maps/search/?api=1&query=600+Brush+Arbour+Church+Rd,+Williamsburg,+KY",active,,,,,auto-inferred,2026-09-20,initial-import,medium,https://is5810.com/main/resources/,2026-09-20,,,
winds-of-change-counseling,Winds of Change Counseling,,"Safe healing space, tailored professional services","1220 Master St, Corbin, KY 40701",Corbin,KY,40701,Statewide,,,606-515-3582|606-404-5104,,https://windsofchangeky.com,,mental-health,outpatient,anyone,,unknown,,English,,,,"https://www.google.com/maps/search/?api=1&query=1220+Master+St,+Corbin,+KY+40701",active,,,,,auto-inferred,2026-09-20,initial-import,medium,https://is5810.com/main/resources/,2026-09-20,,,
womens-cancer-screening,Women's Cancer Screening,,Cancer screening,Statewide,,KY,,Statewide,,,800-462-6122,,,,mental-health,walk-in,women|men,,unknown,,English,,,,,active,,,,,auto-inferred,2026-09-20,initial-import,medium,https://is5810.com/main/resources/,2026-09-20,,,
madison-yonder-behavioral-health,Yonder Behavioral Health,,Behavioral health services.,"330 Hotel Court, Berea, KY 40403",Berea,KY,40403,Madison,,,502-604-0228,,https://yonderbh.com,,health|mental-health,walk-in,anyone,,unknown,,English,,,,"https://www.google.com/maps/search/?api=1&query=330+Hotel+Court,+Berea,+KY+40403",active,,,,,auto-inferred,2026-09-20,initial-import,medium,https://is5810.com/main/resources/,2026-09-20,,,
jefferson-ypr-young-people-in-recovery,YPR Young People in Recovery,,Recovery services for young people.,"Louisville, KY",,KY,,Jefferson,,,502-821-6759,,https://youngpeopleinrecovery.org,,addiction,walk-in,youth,,unknown,,English,,,,"https://www.google.com/maps/search/?api=1&query=Louisville,+KY",active,,,,,auto-inferred,2026-09-20,initial-import,medium,https://is5810.com/main/resources/,2026-09-20,,,
