Name,Address,City,State,Zip,County,Phone,Website,Needs,Service Types,Populations,Description,Eligibility,Cost,Hours,Languages,What to Bring,Referral Required,Intake Hours,Map URL,Status,Intake Process,Last Verified,Confidence,Notes
211 Helpline,,,,,National,211,https://www.211.org,community,hotline,anyone,"Dial 211 to connect with local health and human services — food, shelter, utility assistance, and more.",,free,24/7,English,,,,,active,,2026-09-28,high,
988 Suicide & Crisis Lifeline,,,,,National,988,https://988lifeline.org,crisis,hotline,anyone,"Free, confidential crisis support for anyone in suicidal crisis or emotional distress. Call or text 988.",,free,24/7,English,,,,,active,,2026-09-28,high,
Calvary Baptist Church Food Pantry,111 North McWhorter Street,London,KY,40741,Laurel,(606) 682-0621,https://www.facebook.com/calvarylondonky/,community,,anyone,Church-run food pantry providing free groceries to Laurel County residents in need. Walk-in service; free of charge.,"Resident of Laurel County; Income guidelines. Required documents: Picture ID, Proof of income, Proof of residency",unknown,"Second and fourth Monday of each month, 11:00am-8:00pm (per 211 listing, last assured 02/05/2026)",English,,,,https://www.google.com/maps/search/?api=1&query=111+North+McWhorter+Street+London+KY+40741,active,,2026-09-28,high,
CVDVS London (Cumberland Valley Domestic Violence Services),"London, Laurel County, Kentucky (specific street address not published on website)",London,KY,40743,Laurel,1-800-755-5348; (606) 843-2022,https://cvdvs.org/,crisis,,women; families,"Cumberland Valley Domestic Violence Services, Inc. provides 24/7 safe shelter and domestic violence advocacy for residents and non-residential clients across 8 Kentucky counties; named 2025 Non-Profit of the Year by the London–Laurel County Chamber of Commerce. All staff are trained domestic violence advocates.",All services free of charge for participants and their dependent children; no income eligibility standards,free,24/7 crisis line; safe shelter available around the clock,English,,,,"https://www.google.com/maps/search/?api=1&query=London,+Laurel+County,+Kentucky+(specific+street+address+not+published+on+website)+London+KY+40743",active,Self-referral or referral by local law enforcement or community agencies; call 1-800-755-5348,2026-09-28,high,
Grace Health - Mountain View Clinic,272 London Mountain View Drive,London,KY,40741,Laurel,(606) 877-2850,,community,,anyone,"Primary care clinic providing compassionate, comprehensive care for all stages of life, with an on-site community pharmacy (Mountain View Pharmacy) serving Grace Health patients and the surrounding community.","No restrictions; bring Picture ID, private health insurance card (if insured), proof of income if uninsured or underinsured",sliding-scale,Clinic & Pharmacy: Mon-Fri 8:00AM-6:00PM,English,,,,https://www.google.com/maps/search/?api=1&query=272+London+Mountain+View+Drive+London+KY+40741,active,Walk-in or call,2026-09-29,high,
London Family Support Center (SNAP/DCBS),31 South Laurel Road,London,KY,40744,Laurel,(855) 306-8959,,community,,anyone,"Local DCBS Family Support office where residents can apply for SNAP (food stamps), get EBT cards issued, and complete eligibility interviews; part of the KY Department for Community Based Services Division of Family Support.",Must meet income guidelines,free,Tue-Fri 8:00 AM – 4:30 PM (per Laurel County Health Department; call (855) 306-8959 to confirm),English,"Picture ID, Social Security card, Proof of household income",,,https://www.google.com/maps/search/?api=1&query=31+South+Laurel+Road+London+KY+40744,active,Walk-in or call,2026-09-29,high,
Restoration Ministries Food Program,420 Lily School Rd,Lily,KY,40740,Laurel,(606) 261-7926,,community,,anyone,"Non-denominational church in Lily, KY offering community outreach including a Sack Lunch Ministry that provides free meals to hungry community members, plus Threads of Grace (winter clothing), Nursing Home Ministry, and other programs.",,unknown,unknown,English,,,,https://www.google.com/maps/search/?api=1&query=420+Lily+School+Rd+Lily+KY+40740,active,,2026-09-29,high,
Grace Health Levi Center Clinic,934 South Laurel Rd,London,KY,40744,Laurel,(606) 526-8604,,community,,anyone,"Grace Health Levi Center Clinic provides comprehensive primary care for all ages, from newborns to seniors, including preventive care, wellness exams, chronic disease management, pediatric and women's health services, and sick visits. An on-site pharmacy offers prescription filling, medication counseling, drive-thru service, and free local delivery.",No restrictions; documents as requested when appointment is scheduled,sliding-scale,Clinic: Mon-Fri 8:00AM-6:00PM; Pharmacy: Mon-Fri 8:00AM-6:00PM; Closed for meal break daily 1:00PM-1:30PM,English,,,,https://www.google.com/maps/search/?api=1&query=934+South+Laurel+Rd+London+KY+40744,active,"Appointment required, please call",2026-09-29,high,
Christian Homeless Shelter (London KY),220 E 4th Street,London,KY,40741,Laurel,(606) 330-0785; (606) 862-2872,,community,,,"Good Samaritan House is the operating name of Christian Homeless Shelter of London, Inc., a Christian homeless shelter in London, Kentucky serving men, women, and families. It offers a 90-day structured program with a bed, meals, laundry, and hygiene supplies at no charge, plus Bible study, job application help, and life-skills preparation; there is an intake process and no religious test for entry.","Men, women, and families; no religious requirement; no drugs/alcohol during stay; random drug screens required.",free,Intake by appointment/phone — call 606-862-2872 for current intake hours,English,,,,https://www.google.com/maps/search/?api=1&query=220+E+4th+Street+London+KY+40741,active,"Admission at the shelter: warrant check (police report), on-site drug test, review of house rules/policies. No appointment, ID, or paperwork needed to start a conversation.",2026-09-29,high,
Cumberland River Victims Services (Rape Crisis Center),1203 American Greeting Rd.,Corbin,KY,40702,Laurel,(606) 528-5286; (800) 656-4673,,community,,anyone,"Regional rape crisis center operated by Cumberland River Behavioral Health serving Bell, Clay, Knox, Harlan, Jackson, Laurel, Rockcastle, and Whitley counties in Southeast Kentucky; provides 24/7 crisis line, free counseling, medical/legal advocacy, and outreach to survivors of sexual assault and other crimes.",,unknown,Crisis line: 24/7 — (800) 656-4673. Administrative office: (606) 528-5286 (hours not published).,English,,,,https://www.google.com/maps/search/?api=1&query=1203+American+Greeting+Rd.+Corbin+KY+40702,active,,2026-09-29,high,
London KY Warming Center (City/M Ministry Partnership),110 Burley Ave,London,KY,40741,Laurel,(606) 878-7004,,community,,anyone,"City of London and Isaiah 58:10 Ministries & Outreach operate a White Flag warming shelter at 110 Burley Ave, London KY, open overnight (7pm–7am) whenever temperatures drop below 32°F. The ministry also provides sack lunches and warm meals to people in need.",,unknown,Seasonal: activates during cold weather; overnight 7pm-7am when temps drop below 32°F; daytime warming center hours announced via their Facebook page,English,,,,https://www.google.com/maps/search/?api=1&query=110+Burley+Ave+London+KY+40741,active,,2026-09-28,high,
